행정동,업종,키워드
신촌동,한식,맛있는
신촌동,한식,친절한
신촌동,한식,고기
신촌동,한식,맛집
신촌동,한식,가성비
신촌동,한식,가성비 좋은
신촌동,한식,밥
신촌동,한식,깔끔한
신촌동,한식,삼겹살
신촌동,한식,볶음밥
신촌동,한식,반찬
신촌동,한식,포장
신촌동,한식,서비스
신촌동,한식,강추
신촌동,한식,혼밥
신촌동,한식,김치
신촌동,한식,식사
신촌동,한식,넓은
신촌동,한식,소스
신촌동,한식,매운
신촌동,패스트푸드,맛있는
신촌동,패스트푸드,친절한
신촌동,패스트푸드,치킨
신촌동,패스트푸드,피자
신촌동,패스트푸드,감자튀김
신촌동,패스트푸드,포장
신촌동,패스트푸드,깔끔한
신촌동,패스트푸드,가성비 좋은
신촌동,패스트푸드,가성비
신촌동,패스트푸드,닭
신촌동,패스트푸드,넓은
신촌동,패스트푸드,감자
신촌동,패스트푸드,치즈
신촌동,패스트푸드,소스
신촌동,패스트푸드,저렴한
신촌동,패스트푸드,달다
신촌동,패스트푸드,닭강정
신촌동,패스트푸드,디저트
신촌동,패스트푸드,딸기
신촌동,패스트푸드,커피
신촌동,카페,맛있는
신촌동,카페,친절한
신촌동,카페,커피
신촌동,카페,음료
신촌동,카페,분위기
신촌동,카페,넓은
신촌동,카페,가성비
신촌동,카페,공부하기 좋은
신촌동,카페,빵
신촌동,카페,라떼
신촌동,카페,디저트
신촌동,카페,예쁜
신촌동,카페,조용한
신촌동,카페,분위기 좋은
신촌동,카페,대화
신촌동,카페,밀크티
신촌동,카페,가성비 좋은
신촌동,카페,케이크
신촌동,카페,치즈
신촌동,카페,달다
신촌동,중식,맛있는
신촌동,중식,친절한
신촌동,중식,마라탕
신촌동,중식,꿔바로우
신촌동,중식,맛집
신촌동,중식,꼬치
신촌동,중식,고기
신촌동,중식,짬뽕
신촌동,중식,매운
신촌동,중식,깔끔한
신촌동,중식,탕수육
신촌동,중식,넓은
신촌동,중식,마라탕집
신촌동,중식,양꼬치
신촌동,중식,마라
신촌동,중식,아쉬운
신촌동,중식,마라샹궈
신촌동,중식,신선한
신촌동,중식,국물
신촌동,중식,가성비
신촌동,주점,맛있는
신촌동,주점,분위기
신촌동,주점,친절한
신촌동,주점,안주
신촌동,주점,술
신촌동,주점,다양한
신촌동,주점,추천
신촌동,주점,분위기 좋은
신촌동,주점,맥주
신촌동,주점,맛집
신촌동,주점,가성비
신촌동,주점,칵테일
신촌동,주점,가성비 좋은
신촌동,주점,화장실
신촌동,주점,술집
신촌동,주점,음악
신촌동,주점,모임
신촌동,주점,맛있는 안주
신촌동,주점,막걸리
신촌동,주점,넓은
신촌동,일식,맛있는
신촌동,일식,친절한
신촌동,일식,맛집
신촌동,일식,깔끔한
신촌동,일식,가성비
신촌동,일식,돈까스
신촌동,일식,신선한
신촌동,일식,연어
신촌동,일식,추천
신촌동,일식,소스
신촌동,일식,튀김
신촌동,일식,우동
신촌동,일식,적당한
신촌동,일식,가라아게
신촌동,일식,가성비 좋은
신촌동,일식,안주
신촌동,일식,초밥
신촌동,일식,혼밥
신촌동,일식,사케
신촌동,일식,비싼
신촌동,서양식,맛있는
신촌동,서양식,친절한
신촌동,서양식,파스타
신촌동,서양식,소스
신촌동,서양식,분위기
신촌동,서양식,가성비
신촌동,서양식,맛집
신촌동,서양식,가성비 좋은
신촌동,서양식,돈까스
신촌동,서양식,샐러드
신촌동,서양식,고기
신촌동,서양식,치즈
신촌동,서양식,깔끔한
신촌동,서양식,스테이크
신촌동,서양식,데이트
신촌동,서양식,맛있는 음식
신촌동,서양식,라자냐
신촌동,서양식,피자
신촌동,서양식,타코
신촌동,서양식,분위기 좋은
신촌동,분식,맛있는
신촌동,분식,떡볶이
신촌동,분식,김밥
신촌동,분식,가성비 좋은
신촌동,분식,맛집
신촌동,분식,가성비
신촌동,분식,튀김
신촌동,분식,친절한
신촌동,분식,떡
신촌동,분식,참치김밥
신촌동,분식,볶음밥
신촌동,분식,혼밥
신촌동,분식,맛있는 떡볶이
신촌동,분식,추천
신촌동,분식,매운
신촌동,분식,라볶이
신촌동,분식,라면
신촌동,분식,맛있는 김밥
신촌동,분식,국물
신촌동,분식,별로
신촌동,동남아시아,맛있는
신촌동,동남아시아,쌀국수
신촌동,동남아시아,친절한
신촌동,동남아시아,국물
신촌동,동남아시아,맛집
신촌동,동남아시아,인도
신촌동,동남아시아,커리
신촌동,동남아시아,서비스
신촌동,동남아시아,세트
신촌동,동남아시아,가성비
신촌동,동남아시아,깔끔한
신촌동,동남아시아,탄두리
신촌동,동남아시아,양 많은
신촌동,동남아시아,치킨
신촌동,동남아시아,육수
신촌동,동남아시아,라씨
신촌동,동남아시아,국수
신촌동,동남아시아,베트남
신촌동,동남아시아,반쎄오
신촌동,동남아시아,특색있는 가게
성수2가제3동,한식,맛있는
성수2가제3동,한식,친절한
성수2가제3동,한식,고기
성수2가제3동,한식,맛집
성수2가제3동,한식,점심
성수2가제3동,한식,깨끗한
성수2가제3동,한식,가성비
성수2가제3동,한식,김치
성수2가제3동,한식,신선한
성수2가제3동,한식,맛있는 고기
성수2가제3동,한식,가성비 좋은
성수2가제3동,한식,추천
성수2가제3동,한식,국물
성수2가제3동,한식,칼국수
성수2가제3동,한식,김치찌개
성수2가제3동,한식,식사
성수2가제3동,한식,맛있는 음식
성수2가제3동,한식,부드러운
성수2가제3동,한식,분위기
성수2가제3동,한식,구이
성수2가제3동,패스트푸드,맛있는
성수2가제3동,패스트푸드,친절한
성수2가제3동,패스트푸드,버거
성수2가제3동,패스트푸드,햄버거
성수2가제3동,패스트푸드,치킨
성수2가제3동,패스트푸드,피자
성수2가제3동,패스트푸드,맛있는 피자
성수2가제3동,패스트푸드,포장
성수2가제3동,패스트푸드,파스타
성수2가제3동,패스트푸드,튀김
성수2가제3동,패스트푸드,분위기
성수2가제3동,패스트푸드,맥주
성수2가제3동,패스트푸드,깨끗한
성수2가제3동,패스트푸드,패티
성수2가제3동,패스트푸드,소스
성수2가제3동,패스트푸드,쉬림프
성수2가제3동,패스트푸드,새우
성수2가제3동,패스트푸드,빵
성수2가제3동,패스트푸드,점심
성수2가제3동,패스트푸드,치즈버거
성수2가제3동,카페,맛있는
성수2가제3동,카페,커피
성수2가제3동,카페,친절한
성수2가제3동,카페,맛있는 커피
성수2가제3동,카페,음료
성수2가제3동,카페,라떼
성수2가제3동,카페,분위기
성수2가제3동,카페,디저트
성수2가제3동,카페,가성비
성수2가제3동,카페,예쁜
성수2가제3동,카페,맛집
성수2가제3동,카페,케이크
성수2가제3동,카페,빵
성수2가제3동,카페,인테리어
성수2가제3동,카페,가성비 좋은
성수2가제3동,카페,샌드위치
성수2가제3동,카페,저렴한
성수2가제3동,카페,크림
성수2가제3동,카페,깨끗한
성수2가제3동,카페,티
성수2가제3동,중식,맛있는
성수2가제3동,중식,친절한
성수2가제3동,중식,짬뽕
성수2가제3동,중식,탕수육
성수2가제3동,중식,짜장면
성수2가제3동,중식,고기
성수2가제3동,중식,점심
성수2가제3동,중식,간짜장
성수2가제3동,중식,깨끗한
성수2가제3동,중식,매운
성수2가제3동,중식,맛집
성수2가제3동,중식,국물
성수2가제3동,중식,가성비 좋은
성수2가제3동,중식,중식
성수2가제3동,중식,짜장
성수2가제3동,중식,가성비
성수2가제3동,중식,중국집
성수2가제3동,중식,볶음밥
성수2가제3동,중식,가지
성수2가제3동,중식,고추
성수2가제3동,주점,맛있는
성수2가제3동,주점,분위기
성수2가제3동,주점,친절한
성수2가제3동,주점,안주
성수2가제3동,주점,술
성수2가제3동,주점,다양한
성수2가제3동,주점,음악
성수2가제3동,주점,치킨
성수2가제3동,주점,맥주
성수2가제3동,주점,점심
성수2가제3동,주점,깨끗한
성수2가제3동,주점,술집
성수2가제3동,주점,가성비
성수2가제3동,주점,시끄러운
성수2가제3동,주점,예쁜
성수2가제3동,주점,닭
성수2가제3동,주점,비싼
성수2가제3동,주점,하이볼
성수2가제3동,주점,웨이팅
성수2가제3동,주점,꼬치
성수2가제3동,일식,맛있는
성수2가제3동,일식,친절한
성수2가제3동,일식,신선한
성수2가제3동,일식,점심
성수2가제3동,일식,가성비
성수2가제3동,일식,초밥
성수2가제3동,일식,우동
성수2가제3동,일식,맛집
성수2가제3동,일식,튀김
성수2가제3동,일식,고기
성수2가제3동,일식,돈가스
성수2가제3동,일식,카츠
성수2가제3동,일식,소바
성수2가제3동,일식,라멘
성수2가제3동,일식,계란
성수2가제3동,일식,새우
성수2가제3동,일식,일본
성수2가제3동,일식,점심시간
성수2가제3동,일식,세트
성수2가제3동,일식,하이볼
성수2가제3동,서양식,맛있는
성수2가제3동,서양식,친절한
성수2가제3동,서양식,맛있는 음식
성수2가제3동,서양식,파스타
성수2가제3동,서양식,분위기
성수2가제3동,서양식,스테이크
성수2가제3동,서양식,와인
성수2가제3동,서양식,샐러드
성수2가제3동,서양식,추천
성수2가제3동,서양식,데이트
성수2가제3동,서양식,치킨
성수2가제3동,서양식,예쁜
성수2가제3동,서양식,고기
성수2가제3동,서양식,신선한
성수2가제3동,서양식,튀김
성수2가제3동,서양식,루프탑
성수2가제3동,서양식,리조또
성수2가제3동,서양식,깨끗한
성수2가제3동,서양식,소스
성수2가제3동,서양식,안주
성수2가제3동,분식,맛있는
성수2가제3동,분식,친절한
성수2가제3동,분식,떡볶이
성수2가제3동,분식,점심
성수2가제3동,분식,김밥
성수2가제3동,분식,혼밥
성수2가제3동,분식,비싼
성수2가제3동,분식,가성비 좋은
성수2가제3동,분식,라면
성수2가제3동,분식,깨끗한
성수2가제3동,분식,키토
성수2가제3동,분식,튀김
성수2가제3동,분식,포장
성수2가제3동,분식,가성비
성수2가제3동,분식,국물
성수2가제3동,분식,다양한
성수2가제3동,분식,로제
성수2가제3동,분식,맛있는 김밥
성수2가제3동,분식,맛집
성수2가제3동,분식,무난
성수2가제3동,동남아시아,맛있는
성수2가제3동,동남아시아,쌀국수
성수2가제3동,동남아시아,친절한
성수2가제3동,동남아시아,고기
성수2가제3동,동남아시아,베트남
성수2가제3동,동남아시아,맛있는 음식
성수2가제3동,동남아시아,점심
성수2가제3동,동남아시아,맛있는 쌀국수
성수2가제3동,동남아시아,고수
성수2가제3동,동남아시아,국물
성수2가제3동,동남아시아,깨끗한
성수2가제3동,동남아시아,맛집
성수2가제3동,동남아시아,볶음밥
성수2가제3동,동남아시아,커리
성수2가제3동,동남아시아,팟타이
성수2가제3동,동남아시아,나시고랭
성수2가제3동,동남아시아,고급
성수2가제3동,동남아시아,감자탕 쌀국수
성수2가제3동,동남아시아,감자탕
성수2가제3동,동남아시아,가정식
성수2가제1동,한식,맛있는
성수2가제1동,한식,친절한
성수2가제1동,한식,맛집
성수2가제1동,한식,가성비
성수2가제1동,한식,깨끗한
성수2가제1동,한식,점심
성수2가제1동,한식,고기
성수2가제1동,한식,김치
성수2가제1동,한식,신선한
성수2가제1동,한식,가성비 좋은
성수2가제1동,한식,국물
성수2가제1동,한식,볶음밥
성수2가제1동,한식,집밥
성수2가제1동,한식,칼국수
성수2가제1동,한식,곱창
성수2가제1동,한식,김치찌개
성수2가제1동,한식,맛있는 고기
성수2가제1동,한식,친절한 사장님
성수2가제1동,한식,양념
성수2가제1동,한식,비싼
성수2가제1동,패스트푸드,맛있는
성수2가제1동,패스트푸드,친절한
성수2가제1동,패스트푸드,치킨
성수2가제1동,패스트푸드,피자
성수2가제1동,패스트푸드,포장
성수2가제1동,패스트푸드,버거
성수2가제1동,패스트푸드,맥주
성수2가제1동,패스트푸드,맛있는 피자
성수2가제1동,패스트푸드,튀김
성수2가제1동,패스트푸드,햄버거
성수2가제1동,패스트푸드,배달
성수2가제1동,패스트푸드,맛집
성수2가제1동,패스트푸드,소스
성수2가제1동,패스트푸드,가성비
성수2가제1동,패스트푸드,닭
성수2가제1동,패스트푸드,치즈
성수2가제1동,패스트푸드,치킨 버거
성수2가제1동,패스트푸드,패티
성수2가제1동,패스트푸드,포테이토
성수2가제1동,패스트푸드,서비스
성수2가제1동,카페,맛있는
성수2가제1동,카페,커피
성수2가제1동,카페,친절한
성수2가제1동,카페,분위기
성수2가제1동,카페,맛있는 커피
성수2가제1동,카페,음료
성수2가제1동,카페,디저트
성수2가제1동,카페,라떼
성수2가제1동,카페,빵
성수2가제1동,카페,예쁜
성수2가제1동,카페,케이크
성수2가제1동,카페,크림
성수2가제1동,카페,맛집
성수2가제1동,카페,가성비
성수2가제1동,카페,깨끗한
성수2가제1동,카페,저렴한
성수2가제1동,카페,비싼
성수2가제1동,카페,가성비 좋은
성수2가제1동,카페,맛있는 빵
성수2가제1동,카페,친절한 사장님
성수2가제1동,중식,맛있는
성수2가제1동,중식,짬뽕
성수2가제1동,중식,탕수육
성수2가제1동,중식,짜장
성수2가제1동,중식,면
성수2가제1동,중식,맛집
성수2가제1동,중식,친절한
성수2가제1동,중식,새우
성수2가제1동,중식,점심시간
성수2가제1동,중식,점심
성수2가제1동,중식,식사
성수2가제1동,중식,대만
성수2가제1동,중식,고기
성수2가제1동,중식,맛있는 음식
성수2가제1동,중식,착한 가격
성수2가제1동,중식,홍콩
성수2가제1동,중식,해물
성수2가제1동,중식,케이크
성수2가제1동,중식,커피
성수2가제1동,중식,치킨
성수2가제1동,주점,맛있는
성수2가제1동,주점,친절한
성수2가제1동,주점,분위기
성수2가제1동,주점,안주
성수2가제1동,주점,추천
성수2가제1동,주점,튀김
성수2가제1동,주점,술
성수2가제1동,주점,와인
성수2가제1동,주점,맛있는 음식
성수2가제1동,주점,인테리어
성수2가제1동,주점,맛집
성수2가제1동,주점,음악
성수2가제1동,주점,칵테일
성수2가제1동,주점,가성비
성수2가제1동,주점,바
성수2가제1동,주점,술집
성수2가제1동,주점,좋은 분위기
성수2가제1동,주점,위스키
성수2가제1동,주점,친구
성수2가제1동,주점,고기
성수2가제1동,일식,맛있는
성수2가제1동,일식,친절한
성수2가제1동,일식,신선한
성수2가제1동,일식,맛집
성수2가제1동,일식,닭
성수2가제1동,일식,하이볼
성수2가제1동,일식,술
성수2가제1동,일식,깨끗한
성수2가제1동,일식,식사
성수2가제1동,일식,오마카세
성수2가제1동,일식,예약
성수2가제1동,일식,야키토리
성수2가제1동,일식,꼬치
성수2가제1동,일식,흑색
성수2가제1동,일식,한식
성수2가제1동,일식,특별한
성수2가제1동,일식,코치
성수2가제1동,일식,튀김
성수2가제1동,일식,코스
성수2가제1동,일식,느끼한
성수2가제1동,서양식,맛있는
성수2가제1동,서양식,친절한
성수2가제1동,서양식,와인
성수2가제1동,서양식,분위기
성수2가제1동,서양식,파스타
성수2가제1동,서양식,맛집
성수2가제1동,서양식,맛있는 음식
성수2가제1동,서양식,바
성수2가제1동,서양식,치즈
성수2가제1동,서양식,추천
성수2가제1동,서양식,예쁜
성수2가제1동,서양식,친구
성수2가제1동,서양식,피자
성수2가제1동,서양식,예약
성수2가제1동,서양식,식사
성수2가제1동,서양식,샐러드
성수2가제1동,서양식,스테이크
성수2가제1동,서양식,가성비
성수2가제1동,서양식,브런치
성수2가제1동,서양식,샌드위치
성수2가제1동,분식,맛있는
성수2가제1동,분식,가성비
성수2가제1동,분식,가성비 좋은
성수2가제1동,분식,친절한
성수2가제1동,분식,뚝도
성수2가제1동,분식,김밥
성수2가제1동,분식,디저트
성수2가제1동,분식,돈가스
성수2가제1동,분식,회사
성수2가제1동,분식,푸딩
성수2가제1동,분식,포장
성수2가제1동,분식,쿠키
성수2가제1동,분식,케이크
성수2가제1동,분식,커피
성수2가제1동,분식,친절한 사장님
성수2가제1동,분식,치즈케이크
성수2가제1동,분식,치즈 돈가스
성수2가제1동,분식,치즈 김밥
성수2가제1동,분식,맛있는 김밥
성수2가제1동,분식,만두
성수2가제1동,동남아시아,맛있는
성수2가제1동,동남아시아,쌀국수
성수2가제1동,동남아시아,친절한
성수2가제1동,동남아시아,깨끗한
성수2가제1동,동남아시아,맛집
성수2가제1동,동남아시아,매운
성수2가제1동,동남아시아,팟타이
성수2가제1동,동남아시아,베트남
성수2가제1동,동남아시아,태국 음식점
성수2가제1동,동남아시아,태국 음식
성수2가제1동,동남아시아,태국
성수2가제1동,동남아시아,차돌
성수2가제1동,동남아시아,주차
성수2가제1동,동남아시아,점심
성수2가제1동,동남아시아,인테리어
성수2가제1동,동남아시아,웨이팅
성수2가제1동,동남아시아,예쁜
성수2가제1동,동남아시아,양고기
성수2가제1동,동남아시아,소고기
성수2가제1동,동남아시아,볶음밥
성수1가제2동,한식,맛있는
성수1가제2동,한식,친절한
성수1가제2동,한식,고기
성수1가제2동,한식,맛집
성수1가제2동,한식,깨끗한
성수1가제2동,한식,점심
성수1가제2동,한식,가성비
성수1가제2동,한식,김치
성수1가제2동,한식,신선한
성수1가제2동,한식,가성비 좋은
성수1가제2동,한식,맛있는 고기
성수1가제2동,한식,추천
성수1가제2동,한식,국물
성수1가제2동,한식,맛있는 음식
성수1가제2동,한식,분위기
성수1가제2동,한식,김치찌개
성수1가제2동,한식,식사
성수1가제2동,한식,혼밥
성수1가제2동,한식,부드러운
성수1가제2동,한식,칼국수
성수1가제2동,패스트푸드,맛있는
성수1가제2동,패스트푸드,치킨
성수1가제2동,패스트푸드,친절한
성수1가제2동,패스트푸드,피자
성수1가제2동,패스트푸드,맥주
성수1가제2동,패스트푸드,서울숲
성수1가제2동,패스트푸드,맛집
성수1가제2동,패스트푸드,맛있는 피자
성수1가제2동,패스트푸드,소스
성수1가제2동,패스트푸드,가성비
성수1가제2동,패스트푸드,커피
성수1가제2동,패스트푸드,치즈
성수1가제2동,패스트푸드,분위기
성수1가제2동,패스트푸드,버거
성수1가제2동,패스트푸드,포장
성수1가제2동,패스트푸드,맛있는 치킨
성수1가제2동,패스트푸드,튀김
성수1가제2동,패스트푸드,페퍼로니
성수1가제2동,패스트푸드,햄버거
성수1가제2동,패스트푸드,빵
성수1가제2동,카페,맛있는
성수1가제2동,카페,커피
성수1가제2동,카페,친절한
성수1가제2동,카페,음료
성수1가제2동,카페,맛있는 커피
성수1가제2동,카페,분위기
성수1가제2동,카페,디저트
성수1가제2동,카페,예쁜
성수1가제2동,카페,라떼
성수1가제2동,카페,맛집
성수1가제2동,카페,케이크
성수1가제2동,카페,빵
성수1가제2동,카페,인테리어
성수1가제2동,카페,서울숲
성수1가제2동,카페,조용한
성수1가제2동,카페,크림
성수1가제2동,카페,친절한 사장님
성수1가제2동,카페,깨끗한
성수1가제2동,카페,티
성수1가제2동,카페,가성비
성수1가제2동,중식,맛있는
성수1가제2동,중식,맛집
성수1가제2동,중식,면
성수1가제2동,중식,짬뽕
성수1가제2동,중식,국물
성수1가제2동,중식,짜장면
성수1가제2동,중식,친절한
성수1가제2동,중식,매운
성수1가제2동,중식,새우
성수1가제2동,중식,점심
성수1가제2동,중식,탕수육
성수1가제2동,중식,고기
성수1가제2동,중식,만두
성수1가제2동,중식,볶음밥
성수1가제2동,중식,소스
성수1가제2동,중식,해물
성수1가제2동,중식,우창
성수1가제2동,중식,양고기
성수1가제2동,중식,신선한
성수1가제2동,중식,식사
성수1가제2동,주점,맛있는
성수1가제2동,주점,친절한
성수1가제2동,주점,분위기
성수1가제2동,주점,와인
성수1가제2동,주점,안주
성수1가제2동,주점,술
성수1가제2동,주점,추천
성수1가제2동,주점,다양한
성수1가제2동,주점,맛있는 음식
성수1가제2동,주점,깨끗한
성수1가제2동,주점,하이볼
성수1가제2동,주점,바
성수1가제2동,주점,위스키
성수1가제2동,주점,예쁜
성수1가제2동,주점,맛집
성수1가제2동,주점,맥주
성수1가제2동,주점,파스타
성수1가제2동,주점,치즈
성수1가제2동,주점,좋은 분위기
성수1가제2동,주점,저렴한
성수1가제2동,일식,맛있는
성수1가제2동,일식,친절한
성수1가제2동,일식,깨끗한
성수1가제2동,일식,튀김
성수1가제2동,일식,신선한
성수1가제2동,일식,부드러운
성수1가제2동,일식,돈가스
성수1가제2동,일식,분위기
성수1가제2동,일식,고기
성수1가제2동,일식,카레
성수1가제2동,일식,초밥
성수1가제2동,일식,연어
성수1가제2동,일식,일본
성수1가제2동,일식,점심
성수1가제2동,일식,가성비
성수1가제2동,일식,국수
성수1가제2동,일식,맛집
성수1가제2동,일식,덮밥
성수1가제2동,일식,느끼한
성수1가제2동,일식,비싼
성수1가제2동,서양식,맛있는
성수1가제2동,서양식,친절한
성수1가제2동,서양식,와인
성수1가제2동,서양식,파스타
성수1가제2동,서양식,분위기
성수1가제2동,서양식,맛있는 음식
성수1가제2동,서양식,추천
성수1가제2동,서양식,스테이크
성수1가제2동,서양식,서울숲
성수1가제2동,서양식,고기
성수1가제2동,서양식,리조또
성수1가제2동,서양식,맛집
성수1가제2동,서양식,치즈
성수1가제2동,서양식,튀김
성수1가제2동,서양식,깨끗한
성수1가제2동,서양식,다양한
성수1가제2동,서양식,소스
성수1가제2동,서양식,샐러드
성수1가제2동,서양식,바
성수1가제2동,서양식,바질
성수1가제2동,분식,맛있는
성수1가제2동,분식,친절한
성수1가제2동,분식,김밥
성수1가제2동,분식,떡볶이
성수1가제2동,분식,혼밥
성수1가제2동,분식,참치
성수1가제2동,분식,맛집
성수1가제2동,분식,맛있는 김밥
성수1가제2동,분식,가성비
성수1가제2동,분식,돈가스
성수1가제2동,분식,오뎅
성수1가제2동,분식,소스
성수1가제2동,분식,라면
성수1가제2동,분식,깨끗한
성수1가제2동,분식,크리스마스
성수1가제2동,분식,하이볼
성수1가제2동,분식,파스타
성수1가제2동,분식,튀김
성수1가제2동,분식,토마토
성수1가제2동,분식,키토
성수1가제2동,동남아시아,맛있는
성수1가제2동,동남아시아,쌀국수
성수1가제2동,동남아시아,친절한
성수1가제2동,동남아시아,맛집
성수1가제2동,동남아시아,고기
성수1가제2동,동남아시아,튀김
성수1가제2동,동남아시아,깨끗한
성수1가제2동,동남아시아,추천
성수1가제2동,동남아시아,국물
성수1가제2동,동남아시아,베트남
성수1가제2동,동남아시아,면
성수1가제2동,동남아시아,예약
성수1가제2동,동남아시아,새우
성수1가제2동,동남아시아,매운
성수1가제2동,동남아시아,현지
성수1가제2동,동남아시아,팟타이
성수1가제2동,동남아시아,태국
성수1가제2동,동남아시아,고수
성수1가제2동,동남아시아,계란
성수1가제2동,동남아시아,가성비
성수1가제1동,한식,맛있는
성수1가제1동,한식,친절한
성수1가제1동,한식,맛집
성수1가제1동,한식,깨끗한
성수1가제1동,한식,점심
성수1가제1동,한식,김치
성수1가제1동,한식,고기
성수1가제1동,한식,가성비 좋은
성수1가제1동,한식,가성비
성수1가제1동,한식,국물
성수1가제1동,한식,서울숲
성수1가제1동,한식,바지락
성수1가제1동,한식,맛있는 음식
성수1가제1동,한식,양념
성수1가제1동,한식,라면
성수1가제1동,한식,깔끔하게 맛있는
성수1가제1동,한식,김치찌개
성수1가제1동,한식,볶음밥
성수1가제1동,한식,김밥
성수1가제1동,한식,신선한
성수1가제1동,패스트푸드,맛있는
성수1가제1동,패스트푸드,친절한
성수1가제1동,패스트푸드,치킨
성수1가제1동,패스트푸드,피자
성수1가제1동,패스트푸드,포장
성수1가제1동,패스트푸드,맥주
성수1가제1동,패스트푸드,맛있는 치킨
성수1가제1동,패스트푸드,추천
성수1가제1동,패스트푸드,서울숲
성수1가제1동,패스트푸드,분위기
성수1가제1동,패스트푸드,버거
성수1가제1동,패스트푸드,배달
성수1가제1동,패스트푸드,맛집
성수1가제1동,패스트푸드,맛있는 피자
성수1가제1동,패스트푸드,다양한
성수1가제1동,패스트푸드,감자튀김
성수1가제1동,패스트푸드,감자
성수1가제1동,패스트푸드,빵
성수1가제1동,패스트푸드,소스
성수1가제1동,패스트푸드,햄버거
성수1가제1동,카페,맛있는
성수1가제1동,카페,커피
성수1가제1동,카페,친절한
성수1가제1동,카페,음료
성수1가제1동,카페,맛있는 커피
성수1가제1동,카페,디저트
성수1가제1동,카페,분위기
성수1가제1동,카페,라떼
성수1가제1동,카페,서울숲
성수1가제1동,카페,예쁜
성수1가제1동,카페,빵
성수1가제1동,카페,맛집
성수1가제1동,카페,인테리어
성수1가제1동,카페,밀크티
성수1가제1동,카페,케이크
성수1가제1동,카페,비싼
성수1가제1동,카페,티
성수1가제1동,카페,선물
성수1가제1동,카페,조용한
성수1가제1동,카페,다양한
성수1가제1동,중식,맛있는
성수1가제1동,중식,친절한
성수1가제1동,중식,탕수육
성수1가제1동,중식,짜장면
성수1가제1동,중식,서울숲
성수1가제1동,중식,깨끗한
성수1가제1동,중식,짬뽕
성수1가제1동,중식,덮밥
성수1가제1동,중식,깔끔하게 맛있는
성수1가제1동,중식,가지덮밥
성수1가제1동,중식,가지
성수1가제1동,중식,가족
성수1가제1동,중식,마라탕
성수1가제1동,중식,맛집
성수1가제1동,중식,면
성수1가제1동,중식,배달
성수1가제1동,중식,피클
성수1가제1동,중식,커피
성수1가제1동,중식,짜장
성수1가제1동,중식,중국
성수1가제1동,주점,맛있는
성수1가제1동,주점,와인
성수1가제1동,주점,분위기
성수1가제1동,주점,추천
성수1가제1동,주점,친절한
성수1가제1동,주점,튀김
성수1가제1동,주점,맛있는 음식
성수1가제1동,주점,바
성수1가제1동,주점,술
성수1가제1동,주점,안주
성수1가제1동,주점,파스타
성수1가제1동,주점,치킨
성수1가제1동,주점,예약
성수1가제1동,주점,좋은 분위기
성수1가제1동,주점,치즈
성수1가제1동,주점,다양한
성수1가제1동,주점,골뱅이
성수1가제1동,주점,단체 모임
성수1가제1동,주점,글라스
성수1가제1동,주점,가지
성수1가제1동,일식,맛있는
성수1가제1동,일식,친절한
성수1가제1동,일식,돈가스
성수1가제1동,일식,깨끗한
성수1가제1동,일식,고기
성수1가제1동,일식,라멘
성수1가제1동,일식,추천
성수1가제1동,일식,맛있는 음식
성수1가제1동,일식,부드러운
성수1가제1동,일식,분위기
성수1가제1동,일식,카레
성수1가제1동,일식,만족스러운
성수1가제1동,일식,사케
성수1가제1동,일식,설명
성수1가제1동,일식,식사
성수1가제1동,일식,신선한
성수1가제1동,일식,돈코츠
성수1가제1동,일식,가성비
성수1가제1동,일식,가성비 좋은
성수1가제1동,일식,웨이팅
성수1가제1동,서양식,맛있는
성수1가제1동,서양식,친절한
성수1가제1동,서양식,분위기
성수1가제1동,서양식,다양한
성수1가제1동,서양식,추천
성수1가제1동,서양식,파스타
성수1가제1동,서양식,와인
성수1가제1동,서양식,인테리어
성수1가제1동,서양식,예쁜
성수1가제1동,서양식,샐러드
성수1가제1동,서양식,서울숲
성수1가제1동,서양식,식사
성수1가제1동,서양식,타코
성수1가제1동,서양식,소스
성수1가제1동,서양식,스테이크
성수1가제1동,서양식,새우
성수1가제1동,서양식,부리또
성수1가제1동,서양식,맛집
성수1가제1동,서양식,맥주
성수1가제1동,서양식,바
성수1가제1동,분식,맛있는
성수1가제1동,분식,김밥
성수1가제1동,분식,깨끗한
성수1가제1동,분식,서울숲
성수1가제1동,분식,친절한
성수1가제1동,분식,포장
성수1가제1동,분식,비싼
성수1가제1동,분식,떡볶이
성수1가제1동,분식,맛있는 김밥
성수1가제1동,분식,국수
성수1가제1동,분식,점심
성수1가제1동,분식,신선한
성수1가제1동,분식,순대
성수1가제1동,분식,새우
성수1가제1동,분식,삼각김밥
성수1가제1동,분식,분식집
성수1가제1동,분식,무난
성수1가제1동,분식,맛집
성수1가제1동,분식,맛있는 튀김
성수1가제1동,분식,라면
성수1가제1동,동남아시아,맛있는
성수1가제1동,동남아시아,친절한
성수1가제1동,동남아시아,서울숲
성수1가제1동,동남아시아,쌀국수
성수1가제1동,동남아시아,고기
성수1가제1동,동남아시아,깨끗한
성수1가제1동,동남아시아,맛집
성수1가제1동,동남아시아,치킨
성수1가제1동,동남아시아,해물
성수1가제1동,동남아시아,평범한
성수1가제1동,동남아시아,팟타이
성수1가제1동,동남아시아,태국
성수1가제1동,동남아시아,커리
성수1가제1동,동남아시아,친절한 사장님
성수1가제1동,동남아시아,추천
성수1가제1동,동남아시아,점심시간
성수1가제1동,동남아시아,점심
성수1가제1동,동남아시아,영화
성수1가제1동,동남아시아,아쉬운 맛
성수1가제1동,동남아시아,소스
삼청동,한식,맛있는
삼청동,한식,반찬
삼청동,한식,맛집
삼청동,한식,친절한
삼청동,한식,깔끔한
삼청동,한식,밥
삼청동,한식,분위기
삼청동,한식,김치
삼청동,한식,사장님
삼청동,한식,국물
삼청동,한식,고기
삼청동,한식,정갈한
삼청동,한식,청국장
삼청동,한식,웨이팅
삼청동,한식,건강한
삼청동,한식,정식
삼청동,한식,편한
삼청동,한식,깍두기
삼청동,한식,든든한
삼청동,한식,담백한
삼청동,패스트푸드,맛있는
삼청동,패스트푸드,친절한
삼청동,패스트푸드,바삭한
삼청동,패스트푸드,감자
삼청동,패스트푸드,가까운
삼청동,패스트푸드,갤러리
삼청동,패스트푸드,감자칩
삼청동,패스트푸드,고구마
삼청동,패스트푸드,짠
삼청동,패스트푸드,혼잡한
삼청동,패스트푸드,허니버터칩 맛
삼청동,패스트푸드,플랫
삼청동,패스트푸드,크림
삼청동,패스트푸드,콤보
삼청동,패스트푸드,커피
삼청동,패스트푸드,카카오
삼청동,패스트푸드,칩스
삼청동,패스트푸드,치킨
삼청동,패스트푸드,청결한
삼청동,패스트푸드,짭쪼롬한
삼청동,카페,맛있는
삼청동,카페,커피
삼청동,카페,친절한
삼청동,카페,분위기
삼청동,카페,예쁜
삼청동,카페,인테리어
삼청동,카페,사장님
삼청동,카페,디저트
삼청동,카페,케이크
삼청동,카페,조용한
삼청동,카페,작은
삼청동,카페,자리
삼청동,카페,뷰
삼청동,카페,비싼
삼청동,카페,넓은
삼청동,카페,대화
삼청동,카페,편한
삼청동,카페,화장실
삼청동,카페,빵
삼청동,카페,다양한
삼청동,중식,맛있는
삼청동,중식,탕수육
삼청동,중식,딤섬
삼청동,중식,예약
삼청동,중식,아쉬운
삼청동,중식,새우
삼청동,중식,사진
삼청동,중식,비싼 가격
삼청동,중식,비싼
삼청동,중식,분위기
삼청동,중식,백짬뽕
삼청동,중식,무난한
삼청동,중식,모임
삼청동,중식,맛집
삼청동,중식,룸
삼청동,중식,간짜장
삼청동,중식,가성비
삼청동,중식,조용한
삼청동,중식,주변
삼청동,중식,중국집
삼청동,주점,분위기
삼청동,주점,맛있는
삼청동,주점,친절한
삼청동,주점,안주
삼청동,주점,추천하는
삼청동,주점,와인
삼청동,주점,좋은 분위기
삼청동,주점,가성비
삼청동,주점,즐기는
삼청동,주점,종류
삼청동,주점,예쁜
삼청동,주점,사장님
삼청동,주점,다양한
삼청동,주점,강아지
삼청동,주점,독특한
삼청동,주점,대기
삼청동,주점,누룽지
삼청동,주점,뇨끼
삼청동,주점,내추럴 와인
삼청동,주점,귀여운
삼청동,일식,맛있는
삼청동,일식,차슈
삼청동,일식,진한
삼청동,일식,점심
삼청동,일식,위치
삼청동,일식,웨이팅
삼청동,일식,스시
삼청동,일식,샤리
삼청동,일식,분위기
삼청동,일식,밸런스
삼청동,일식,마늘
삼청동,일식,라멘
삼청동,일식,돈코츠라멘
삼청동,일식,덮밥
삼청동,일식,깔끔한
삼청동,일식,국물
삼청동,일식,공간
삼청동,일식,계란
삼청동,일식,감칠맛
삼청동,서양식,맛있는
삼청동,서양식,분위기
삼청동,서양식,친절한
삼청동,서양식,파스타
삼청동,서양식,스테이크
삼청동,서양식,피자
삼청동,서양식,특별한
삼청동,서양식,샐러드
삼청동,서양식,맛집
삼청동,서양식,조용한
삼청동,서양식,넓은
삼청동,서양식,사장님
삼청동,서양식,비싼
삼청동,서양식,레스토랑
삼청동,서양식,데이트
삼청동,서양식,테이블
삼청동,서양식,커피
삼청동,서양식,치즈
삼청동,서양식,좁은
삼청동,서양식,인테리어
삼청동,분식,맛있는
삼청동,분식,김밥
삼청동,분식,깔끔한
삼청동,분식,친절한
삼청동,분식,만두
삼청동,분식,라면
삼청동,분식,냉면
삼청동,분식,나물
삼청동,분식,국수
삼청동,분식,강추
삼청동,분식,맛집
삼청동,분식,미술관
삼청동,분식,미역국
삼청동,분식,분위기
삼청동,분식,해물
삼청동,분식,피냉면
삼청동,분식,플레이팅
삼청동,분식,튀김만두
삼청동,분식,와사비 김밥
삼청동,분식,오뎅 김밥
삼청동,동남아시아,설명
삼청동,동남아시아,편한
삼청동,동남아시아,코스
삼청동,동남아시아,친절한
삼청동,동남아시아,조용한
삼청동,동남아시아,예약
삼청동,동남아시아,스테이크
삼청동,동남아시아,분위기
삼청동,동남아시아,배부른
삼청동,동남아시아,맛있는
가회동,한식,맛있는
가회동,한식,친절한
가회동,한식,고기
가회동,한식,국물
가회동,한식,깔끔한
가회동,한식,반찬
가회동,한식,맛집
가회동,한식,사장님
가회동,한식,점심
가회동,한식,양
가회동,한식,가성비
가회동,한식,정갈한
가회동,한식,신선한
가회동,한식,웨이팅
가회동,한식,칼국수
가회동,한식,막걸리
가회동,한식,만족하는
가회동,한식,김치
가회동,한식,밥
가회동,한식,푸짐한
가회동,패스트푸드,맛있는
가회동,패스트푸드,친절한
가회동,패스트푸드,피자
가회동,패스트푸드,샐러드
가회동,패스트푸드,파스타
가회동,패스트푸드,옛날
가회동,패스트푸드,신선한
가회동,패스트푸드,분위기
가회동,패스트푸드,버거
가회동,패스트푸드,도우
가회동,패스트푸드,건강한
가회동,패스트푸드,감자튀김
가회동,패스트푸드,웨이팅
가회동,패스트푸드,치킨
가회동,패스트푸드,패티
가회동,패스트푸드,호프집
가회동,패스트푸드,햄버거
가회동,패스트푸드,새로운
가회동,패스트푸드,재료
가회동,패스트푸드,인테리어
가회동,카페,맛있는
가회동,카페,커피
가회동,카페,친절한
가회동,카페,분위기
가회동,카페,예쁜
가회동,카페,인테리어
가회동,카페,빵
가회동,카페,디저트
가회동,카페,케이크
가회동,카페,다양한
가회동,카페,귀여운
가회동,카페,맛집
가회동,카페,조용한
가회동,카페,사장님
가회동,카페,가성비
가회동,카페,딸기
가회동,카페,맛있는 커피
가회동,카페,차
가회동,카페,웨이팅
가회동,카페,자리
가회동,중식,간짜장
가회동,중식,가성비
가회동,중식,넓은
가회동,중식,다양한
가회동,중식,라면
가회동,중식,맛있는
가회동,중식,중국집
가회동,중식,분위기
가회동,중식,모임
가회동,중식,매운
가회동,주점,맛있는
가회동,주점,분위기
가회동,주점,안주
가회동,주점,커피
가회동,주점,데이트
가회동,주점,예쁜
가회동,주점,아쉬운
가회동,주점,손님
가회동,주점,사장님
가회동,주점,빵
가회동,주점,맥주
가회동,주점,친절한
가회동,주점,깔끔한
가회동,주점,편한
가회동,주점,인테리어
가회동,주점,향
가회동,주점,한잔
가회동,주점,한옥
가회동,주점,푸딩
가회동,주점,치킨
가회동,일식,맛있는
가회동,일식,맛집
가회동,일식,친절한
가회동,일식,웨이팅
가회동,일식,소스
가회동,일식,사장님
가회동,일식,분위기
가회동,일식,부드러운
가회동,일식,굴
가회동,일식,국물
가회동,일식,강추
가회동,일식,가성비
가회동,일식,가까운
가회동,일식,기다림
가회동,일식,깔끔한
가회동,일식,꼬막비빔밥
가회동,일식,넓은
가회동,일식,면
가회동,일식,안주
가회동,일식,안심
가회동,서양식,맛있는
가회동,서양식,친절한
가회동,서양식,파스타
가회동,서양식,분위기
가회동,서양식,특별한
가회동,서양식,친구랑
가회동,서양식,인테리어
가회동,서양식,아쉬운
가회동,서양식,소스
가회동,서양식,세트
가회동,서양식,사장님
가회동,서양식,배부른
가회동,서양식,서빙
가회동,서양식,와인
가회동,서양식,오므라이스
가회동,서양식,예쁜
가회동,서양식,연말
가회동,서양식,엄마랑
가회동,서양식,양파스프
가회동,서양식,양고기
가회동,분식,맛있는
가회동,분식,김밥
가회동,분식,혼밥
가회동,분식,라면
가회동,분식,가성비
가회동,분식,깨끗한
가회동,분식,깔끔한
가회동,분식,기름
가회동,분식,관광객
가회동,분식,간단하게 먹는
가회동,분식,내장
가회동,분식,단무지
가회동,분식,당근
가회동,분식,동네
가회동,분식,햄
가회동,분식,튀김
가회동,분식,큰
가회동,분식,친절한
가회동,분식,참치김밥
가회동,분식,손님
가회동,동남아시아,맛있는
가회동,동남아시아,팟타이
가회동,동남아시아,커리
가회동,동남아시아,가지튀김
가회동,동남아시아,쌀국수
가회동,동남아시아,환기
가회동,동남아시아,태국
가회동,동남아시아,큰
가회동,동남아시아,주말
가회동,동남아시아,웨이팅
가회동,동남아시아,운영되는
가회동,동남아시아,아쉬운
가회동,동남아시아,사장님
가회동,동남아시아,분짜
가회동,동남아시아,베트남
가회동,동남아시아,맛있는 팟타이
가회동,동남아시아,맛있는 음식
가회동,동남아시아,마음
가회동,동남아시아,담백한
가회동,동남아시아,달다
