행정동,업종,키워드,rank
신촌동,한식,맛있는,1
신촌동,한식,친절한,2
신촌동,한식,고기,3
신촌동,한식,맛집,4
신촌동,한식,가성비,5
신촌동,한식,가성비 좋은,6
신촌동,한식,밥,7
신촌동,한식,깔끔한,8
신촌동,한식,삼겹살,9
신촌동,한식,볶음밥,10
신촌동,패스트푸드,맛있는,1
신촌동,패스트푸드,친절한,2
신촌동,패스트푸드,치킨,3
신촌동,패스트푸드,피자,4
신촌동,패스트푸드,포장,5
신촌동,패스트푸드,감자튀김,6
신촌동,패스트푸드,깔끔한,7
신촌동,패스트푸드,가성비 좋은,8
신촌동,패스트푸드,가성비,9
신촌동,패스트푸드,저렴한,10
신촌동,카페,맛있는,1
신촌동,카페,친절한,2
신촌동,카페,커피,3
신촌동,카페,음료,4
신촌동,카페,분위기,5
신촌동,카페,넓은,6
신촌동,카페,가성비,7
신촌동,카페,공부하기 좋은,8
신촌동,카페,빵,9
신촌동,카페,라떼,10
신촌동,중식,맛있는,1
신촌동,중식,친절한,2
신촌동,중식,마라탕,3
신촌동,중식,꿔바로우,4
신촌동,중식,맛집,5
신촌동,중식,꼬치,6
신촌동,중식,깔끔한,7
신촌동,중식,매운,8
신촌동,중식,짬뽕,9
신촌동,중식,고기,10
신촌동,주점,맛있는,1
신촌동,주점,분위기,2
신촌동,주점,친절한,3
신촌동,주점,안주,4
신촌동,주점,술,5
신촌동,주점,다양한,6
신촌동,주점,추천,7
신촌동,주점,맛집,8
신촌동,주점,맥주,9
신촌동,주점,분위기 좋은,10
신촌동,일식,맛있는,1
신촌동,일식,친절한,2
신촌동,일식,맛집,3
신촌동,일식,깔끔한,4
신촌동,일식,가성비,5
신촌동,일식,돈까스,6
신촌동,일식,연어,7
신촌동,일식,신선한,8
신촌동,일식,추천,9
신촌동,일식,소스,10
신촌동,서양식,맛있는,1
신촌동,서양식,친절한,2
신촌동,서양식,파스타,3
신촌동,서양식,소스,4
신촌동,서양식,가성비,5
신촌동,서양식,분위기,6
신촌동,서양식,맛집,7
신촌동,서양식,가성비 좋은,8
신촌동,서양식,돈까스,9
신촌동,서양식,스테이크,10
신촌동,분식,맛있는,1
신촌동,분식,떡볶이,2
신촌동,분식,김밥,3
신촌동,분식,가성비 좋은,4
신촌동,분식,가성비,5
신촌동,분식,맛집,6
신촌동,분식,친절한,7
신촌동,분식,튀김,8
신촌동,분식,떡,9
신촌동,분식,참치김밥,10
신촌동,동남아시아,맛있는,1
신촌동,동남아시아,쌀국수,2
신촌동,동남아시아,친절한,3
신촌동,동남아시아,국물,4
신촌동,동남아시아,맛집,5
신촌동,동남아시아,가성비,6
신촌동,동남아시아,깔끔한,7
신촌동,동남아시아,커리,8
신촌동,동남아시아,세트,9
신촌동,동남아시아,서비스,10
성수2가제3동,한식,맛있는,1
성수2가제3동,한식,친절한,2
성수2가제3동,한식,고기,3
성수2가제3동,한식,맛집,4
성수2가제3동,한식,점심,5
성수2가제3동,한식,깨끗한,6
성수2가제3동,한식,가성비,7
성수2가제3동,한식,김치,8
성수2가제3동,한식,신선한,9
성수2가제3동,한식,가성비 좋은,10
성수2가제3동,패스트푸드,맛있는,1
성수2가제3동,패스트푸드,친절한,2
성수2가제3동,패스트푸드,버거,3
성수2가제3동,패스트푸드,햄버거,4
성수2가제3동,패스트푸드,치킨,5
성수2가제3동,패스트푸드,피자,6
성수2가제3동,패스트푸드,맛있는 피자,7
성수2가제3동,패스트푸드,분위기,8
성수2가제3동,패스트푸드,튀김,9
성수2가제3동,패스트푸드,파스타,10
성수2가제3동,카페,맛있는,1
성수2가제3동,카페,커피,2
성수2가제3동,카페,친절한,3
성수2가제3동,카페,맛있는 커피,4
성수2가제3동,카페,음료,5
성수2가제3동,카페,라떼,6
성수2가제3동,카페,디저트,7
성수2가제3동,카페,분위기,8
성수2가제3동,카페,가성비,9
성수2가제3동,카페,예쁜,10
성수2가제3동,중식,맛있는,1
성수2가제3동,중식,친절한,2
성수2가제3동,중식,탕수육,3
성수2가제3동,중식,짬뽕,4
성수2가제3동,중식,짜장면,5
성수2가제3동,중식,고기,6
성수2가제3동,중식,점심,7
성수2가제3동,중식,간짜장,8
성수2가제3동,중식,깨끗한,9
성수2가제3동,중식,매운,10
성수2가제3동,주점,맛있는,1
성수2가제3동,주점,분위기,2
성수2가제3동,주점,친절한,3
성수2가제3동,주점,안주,4
성수2가제3동,주점,술,5
성수2가제3동,주점,음악,6
성수2가제3동,주점,다양한,7
성수2가제3동,주점,치킨,8
성수2가제3동,주점,맥주,9
성수2가제3동,주점,깨끗한,10
성수2가제3동,일식,맛있는,1
성수2가제3동,일식,친절한,2
성수2가제3동,일식,신선한,3
성수2가제3동,일식,점심,4
성수2가제3동,일식,초밥,5
성수2가제3동,일식,가성비,6
성수2가제3동,일식,우동,7
성수2가제3동,일식,맛집,8
성수2가제3동,일식,튀김,9
성수2가제3동,일식,돈가스,10
성수2가제3동,서양식,맛있는,1
성수2가제3동,서양식,친절한,2
성수2가제3동,서양식,파스타,3
성수2가제3동,서양식,맛있는 음식,4
성수2가제3동,서양식,분위기,5
성수2가제3동,서양식,스테이크,6
성수2가제3동,서양식,와인,7
성수2가제3동,서양식,추천,8
성수2가제3동,서양식,샐러드,9
성수2가제3동,서양식,데이트,10
성수2가제3동,분식,맛있는,1
성수2가제3동,분식,친절한,2
성수2가제3동,분식,점심,3
성수2가제3동,분식,김밥,4
성수2가제3동,분식,떡볶이,5
성수2가제3동,분식,깨끗한,6
성수2가제3동,분식,라면,7
성수2가제3동,분식,가성비 좋은,8
성수2가제3동,분식,비싼,9
성수2가제3동,분식,혼밥,10
성수2가제3동,동남아시아,맛있는,1
성수2가제3동,동남아시아,쌀국수,2
성수2가제3동,동남아시아,친절한,3
성수2가제3동,동남아시아,고기,4
성수2가제3동,동남아시아,베트남,5
성수2가제3동,동남아시아,점심,6
성수2가제3동,동남아시아,맛있는 음식,7
성수2가제3동,동남아시아,고수,8
성수2가제3동,동남아시아,팟타이,9
성수2가제3동,동남아시아,커리,10
성수2가제1동,한식,맛있는,1
성수2가제1동,한식,친절한,2
성수2가제1동,한식,맛집,3
성수2가제1동,한식,가성비,4
성수2가제1동,한식,깨끗한,5
성수2가제1동,한식,점심,6
성수2가제1동,한식,고기,7
성수2가제1동,한식,김치,8
성수2가제1동,한식,신선한,9
성수2가제1동,한식,가성비 좋은,10
성수2가제1동,패스트푸드,맛있는,1
성수2가제1동,패스트푸드,친절한,2
성수2가제1동,패스트푸드,치킨,3
성수2가제1동,패스트푸드,피자,4
성수2가제1동,패스트푸드,포장,5
성수2가제1동,패스트푸드,버거,6
성수2가제1동,패스트푸드,맥주,7
성수2가제1동,패스트푸드,맛있는 피자,8
성수2가제1동,패스트푸드,닭,9
성수2가제1동,패스트푸드,가성비,10
성수2가제1동,카페,맛있는,1
성수2가제1동,카페,커피,2
성수2가제1동,카페,친절한,3
성수2가제1동,카페,분위기,4
성수2가제1동,카페,음료,5
성수2가제1동,카페,맛있는 커피,6
성수2가제1동,카페,디저트,7
성수2가제1동,카페,라떼,8
성수2가제1동,카페,빵,9
성수2가제1동,카페,예쁜,10
성수2가제1동,중식,맛있는,1
성수2가제1동,중식,짬뽕,2
성수2가제1동,중식,맛집,3
성수2가제1동,중식,면,4
성수2가제1동,중식,짜장,5
성수2가제1동,중식,탕수육,6
성수2가제1동,중식,맛있는 음식,7
성수2가제1동,중식,고기,8
성수2가제1동,중식,대만,9
성수2가제1동,중식,식사,10
성수2가제1동,주점,맛있는,1
성수2가제1동,주점,친절한,2
성수2가제1동,주점,분위기,3
성수2가제1동,주점,추천,4
성수2가제1동,주점,안주,5
성수2가제1동,주점,와인,6
성수2가제1동,주점,맛있는 음식,7
성수2가제1동,주점,튀김,8
성수2가제1동,주점,술,9
성수2가제1동,주점,인테리어,10
성수2가제1동,일식,맛있는,1
성수2가제1동,일식,친절한,2
성수2가제1동,일식,신선한,3
성수2가제1동,일식,술,4
성수2가제1동,일식,맛집,5
성수2가제1동,일식,닭,6
성수2가제1동,일식,하이볼,7
성수2가제1동,일식,꼬치,8
성수2가제1동,일식,야키토리,9
성수2가제1동,일식,예약,10
성수2가제1동,서양식,맛있는,1
성수2가제1동,서양식,친절한,2
성수2가제1동,서양식,분위기,3
성수2가제1동,서양식,와인,4
성수2가제1동,서양식,파스타,5
성수2가제1동,서양식,맛집,6
성수2가제1동,서양식,맛있는 음식,7
성수2가제1동,서양식,바,8
성수2가제1동,서양식,치즈,9
성수2가제1동,서양식,추천,10
성수2가제1동,분식,맛있는,1
성수2가제1동,분식,가성비,2
성수2가제1동,분식,가성비 좋은,3
성수2가제1동,분식,친절한,4
성수2가제1동,분식,돈가스,5
성수2가제1동,분식,디저트,6
성수2가제1동,분식,김밥,7
성수2가제1동,분식,뚝도,8
성수2가제1동,분식,회사,9
성수2가제1동,분식,푸딩,10
성수2가제1동,동남아시아,맛있는,1
성수2가제1동,동남아시아,깨끗한,2
성수2가제1동,동남아시아,친절한,3
성수2가제1동,동남아시아,쌀국수,4
성수2가제1동,동남아시아,팟타이,5
성수2가제1동,동남아시아,매운,6
성수2가제1동,동남아시아,맛집,7
성수2가제1동,동남아시아,소고기,8
성수2가제1동,동남아시아,볶음밥,9
성수2가제1동,동남아시아,양고기,10
성수1가제2동,한식,맛있는,1
성수1가제2동,한식,친절한,2
성수1가제2동,한식,고기,3
성수1가제2동,한식,맛집,4
성수1가제2동,한식,깨끗한,5
성수1가제2동,한식,점심,6
성수1가제2동,한식,가성비,7
성수1가제2동,한식,김치,8
성수1가제2동,한식,맛있는 고기,9
성수1가제2동,한식,가성비 좋은,10
성수1가제2동,패스트푸드,맛있는,1
성수1가제2동,패스트푸드,치킨,2
성수1가제2동,패스트푸드,친절한,3
성수1가제2동,패스트푸드,피자,4
성수1가제2동,패스트푸드,맥주,5
성수1가제2동,패스트푸드,서울숲,6
성수1가제2동,패스트푸드,맛집,7
성수1가제2동,패스트푸드,커피,8
성수1가제2동,패스트푸드,가성비,9
성수1가제2동,패스트푸드,소스,10
성수1가제2동,카페,맛있는,1
성수1가제2동,카페,커피,2
성수1가제2동,카페,친절한,3
성수1가제2동,카페,음료,4
성수1가제2동,카페,맛있는 커피,5
성수1가제2동,카페,분위기,6
성수1가제2동,카페,디저트,7
성수1가제2동,카페,예쁜,8
성수1가제2동,카페,라떼,9
성수1가제2동,카페,맛집,10
성수1가제2동,중식,맛있는,1
성수1가제2동,중식,맛집,2
성수1가제2동,중식,면,3
성수1가제2동,중식,짬뽕,4
성수1가제2동,중식,친절한,5
성수1가제2동,중식,짜장면,6
성수1가제2동,중식,매운,7
성수1가제2동,중식,새우,8
성수1가제2동,중식,국물,9
성수1가제2동,중식,해물,10
성수1가제2동,주점,맛있는,1
성수1가제2동,주점,친절한,2
성수1가제2동,주점,분위기,3
성수1가제2동,주점,안주,4
성수1가제2동,주점,와인,5
성수1가제2동,주점,술,6
성수1가제2동,주점,추천,7
성수1가제2동,주점,맛있는 음식,8
성수1가제2동,주점,다양한,9
성수1가제2동,주점,하이볼,10
성수1가제2동,일식,맛있는,1
성수1가제2동,일식,친절한,2
성수1가제2동,일식,깨끗한,3
성수1가제2동,일식,튀김,4
성수1가제2동,일식,신선한,5
성수1가제2동,일식,부드러운,6
성수1가제2동,일식,돈가스,7
성수1가제2동,일식,분위기,8
성수1가제2동,일식,고기,9
성수1가제2동,일식,카레,10
성수1가제2동,서양식,맛있는,1
성수1가제2동,서양식,친절한,2
성수1가제2동,서양식,와인,3
성수1가제2동,서양식,파스타,4
성수1가제2동,서양식,분위기,5
성수1가제2동,서양식,맛있는 음식,6
성수1가제2동,서양식,추천,7
성수1가제2동,서양식,스테이크,8
성수1가제2동,서양식,서울숲,9
성수1가제2동,서양식,고기,10
성수1가제2동,분식,맛있는,1
성수1가제2동,분식,친절한,2
성수1가제2동,분식,김밥,3
성수1가제2동,분식,혼밥,4
성수1가제2동,분식,떡볶이,5
성수1가제2동,분식,돈가스,6
성수1가제2동,분식,가성비,7
성수1가제2동,분식,맛있는 김밥,8
성수1가제2동,분식,맛집,9
성수1가제2동,분식,참치,10
성수1가제2동,동남아시아,맛있는,1
성수1가제2동,동남아시아,쌀국수,2
성수1가제2동,동남아시아,친절한,3
성수1가제2동,동남아시아,맛집,4
성수1가제2동,동남아시아,고기,5
성수1가제2동,동남아시아,깨끗한,6
성수1가제2동,동남아시아,튀김,7
성수1가제2동,동남아시아,국물,8
성수1가제2동,동남아시아,베트남,9
성수1가제2동,동남아시아,추천,10
성수1가제1동,한식,맛있는,1
성수1가제1동,한식,친절한,2
성수1가제1동,한식,맛집,3
성수1가제1동,한식,깨끗한,4
성수1가제1동,한식,김치,5
성수1가제1동,한식,점심,6
성수1가제1동,한식,고기,7
성수1가제1동,한식,양념,8
성수1가제1동,한식,가성비 좋은,9
성수1가제1동,한식,가성비,10
성수1가제1동,패스트푸드,맛있는,1
성수1가제1동,패스트푸드,친절한,2
성수1가제1동,패스트푸드,치킨,3
성수1가제1동,패스트푸드,포장,4
성수1가제1동,패스트푸드,피자,5
성수1가제1동,패스트푸드,맥주,6
성수1가제1동,패스트푸드,맛있는 치킨,7
성수1가제1동,패스트푸드,추천,8
성수1가제1동,패스트푸드,햄버거,9
성수1가제1동,패스트푸드,소스,10
성수1가제1동,카페,맛있는,1
성수1가제1동,카페,커피,2
성수1가제1동,카페,친절한,3
성수1가제1동,카페,음료,4
성수1가제1동,카페,맛있는 커피,5
성수1가제1동,카페,디저트,6
성수1가제1동,카페,분위기,7
성수1가제1동,카페,서울숲,8
성수1가제1동,카페,라떼,9
성수1가제1동,카페,예쁜,10
성수1가제1동,중식,맛있는,1
성수1가제1동,중식,친절한,2
성수1가제1동,중식,탕수육,3
성수1가제1동,중식,짜장면,4
성수1가제1동,중식,서울숲,5
성수1가제1동,중식,깨끗한,6
성수1가제1동,중식,짬뽕,7
성수1가제1동,중식,마라탕,8
성수1가제1동,중식,가족,9
성수1가제1동,중식,가지,10
성수1가제1동,주점,맛있는,1
성수1가제1동,주점,분위기,2
성수1가제1동,주점,와인,3
성수1가제1동,주점,친절한,4
성수1가제1동,주점,추천,5
성수1가제1동,주점,맛있는 음식,6
성수1가제1동,주점,튀김,7
성수1가제1동,주점,바,8
성수1가제1동,주점,술,9
성수1가제1동,주점,안주,10
성수1가제1동,일식,맛있는,1
성수1가제1동,일식,친절한,2
성수1가제1동,일식,돈가스,3
성수1가제1동,일식,깨끗한,4
성수1가제1동,일식,고기,5
성수1가제1동,일식,라멘,6
성수1가제1동,일식,추천,7
성수1가제1동,일식,맛있는 음식,8
성수1가제1동,일식,부드러운,9
성수1가제1동,일식,분위기,10
성수1가제1동,서양식,맛있는,1
성수1가제1동,서양식,친절한,2
성수1가제1동,서양식,분위기,3
성수1가제1동,서양식,다양한,4
성수1가제1동,서양식,추천,5
성수1가제1동,서양식,식사,6
성수1가제1동,서양식,서울숲,7
성수1가제1동,서양식,샐러드,8
성수1가제1동,서양식,예쁜,9
성수1가제1동,서양식,인테리어,10
성수1가제1동,분식,맛있는,1
성수1가제1동,분식,김밥,2
성수1가제1동,분식,깨끗한,3
성수1가제1동,분식,서울숲,4
성수1가제1동,분식,친절한,5
성수1가제1동,분식,포장,6
성수1가제1동,분식,떡볶이,7
성수1가제1동,분식,맛있는 김밥,8
성수1가제1동,분식,비싼,9
성수1가제1동,분식,삼각김밥,10
성수1가제1동,동남아시아,맛있는,1
성수1가제1동,동남아시아,서울숲,2
성수1가제1동,동남아시아,쌀국수,3
성수1가제1동,동남아시아,친절한,4
성수1가제1동,동남아시아,고기,5
성수1가제1동,동남아시아,깨끗한,6
성수1가제1동,동남아시아,맛집,7
성수1가제1동,동남아시아,치킨,8
성수1가제1동,동남아시아,해물,9
성수1가제1동,동남아시아,태국,10
삼청동,한식,맛있는,1
삼청동,한식,반찬,2
삼청동,한식,친절한,3
삼청동,한식,맛집,4
삼청동,한식,깔끔한,5
삼청동,한식,밥,6
삼청동,한식,김치,7
삼청동,한식,사장님,8
삼청동,한식,분위기,9
삼청동,한식,국물,10
삼청동,패스트푸드,맛있는,1
삼청동,패스트푸드,친절한,2
삼청동,패스트푸드,바삭한,3
삼청동,패스트푸드,감자,4
삼청동,패스트푸드,혼잡한,5
삼청동,패스트푸드,치킨,6
삼청동,패스트푸드,칩스,7
삼청동,패스트푸드,카카오,8
삼청동,패스트푸드,커피,9
삼청동,패스트푸드,콤보,10
삼청동,카페,맛있는,1
삼청동,카페,커피,2
삼청동,카페,친절한,3
삼청동,카페,분위기,4
삼청동,카페,예쁜,5
삼청동,카페,사장님,6
삼청동,카페,인테리어,7
삼청동,카페,디저트,8
삼청동,카페,조용한,9
삼청동,카페,케이크,10
삼청동,중식,맛있는,1
삼청동,중식,탕수육,2
삼청동,중식,딤섬,3
삼청동,중식,예약,4
삼청동,중식,중국집,5
삼청동,중식,주변,6
삼청동,중식,조용한,7
삼청동,중식,가성비,8
삼청동,중식,간짜장,9
삼청동,중식,룸,10
삼청동,주점,분위기,1
삼청동,주점,맛있는,2
삼청동,주점,친절한,3
삼청동,주점,안주,4
삼청동,주점,좋은 분위기,5
삼청동,주점,와인,6
삼청동,주점,추천하는,7
삼청동,주점,다양한,8
삼청동,주점,가성비,9
삼청동,주점,즐기는,10
삼청동,일식,맛있는,1
삼청동,일식,분위기,2
삼청동,일식,공간,3
삼청동,일식,국물,4
삼청동,일식,깔끔한,5
삼청동,일식,덮밥,6
삼청동,일식,돈코츠라멘,7
삼청동,일식,라멘,8
삼청동,일식,마늘,9
삼청동,일식,밸런스,10
삼청동,서양식,맛있는,1
삼청동,서양식,분위기,2
삼청동,서양식,친절한,3
삼청동,서양식,파스타,4
삼청동,서양식,스테이크,5
삼청동,서양식,맛집,6
삼청동,서양식,조용한,7
삼청동,서양식,샐러드,8
삼청동,서양식,특별한,9
삼청동,서양식,피자,10
삼청동,분식,맛있는,1
삼청동,분식,김밥,2
삼청동,분식,깔끔한,3
삼청동,분식,친절한,4
삼청동,분식,만두,5
삼청동,분식,피냉면,6
삼청동,분식,오뎅 김밥,7
삼청동,분식,와사비 김밥,8
삼청동,분식,튀김만두,9
삼청동,분식,플레이팅,10
삼청동,동남아시아,맛있는,1
삼청동,동남아시아,배부른,2
삼청동,동남아시아,스테이크,3
삼청동,동남아시아,분위기,4
삼청동,동남아시아,예약,5
삼청동,동남아시아,조용한,6
삼청동,동남아시아,친절한,7
삼청동,동남아시아,코스,8
삼청동,동남아시아,편한,9
삼청동,동남아시아,설명,10
가회동,한식,맛있는,1
가회동,한식,친절한,2
가회동,한식,국물,3
가회동,한식,고기,4
가회동,한식,깔끔한,5
가회동,한식,반찬,6
가회동,한식,맛집,7
가회동,한식,사장님,8
가회동,한식,점심,9
가회동,한식,양,10
가회동,패스트푸드,맛있는,1
가회동,패스트푸드,친절한,2
가회동,패스트푸드,피자,3
가회동,패스트푸드,파스타,4
가회동,패스트푸드,샐러드,5
가회동,패스트푸드,분위기,6
가회동,패스트푸드,햄버거,7
가회동,패스트푸드,신선한,8
가회동,패스트푸드,치킨,9
가회동,패스트푸드,옛날,10
가회동,카페,맛있는,1
가회동,카페,커피,2
가회동,카페,친절한,3
가회동,카페,분위기,4
가회동,카페,예쁜,5
가회동,카페,인테리어,6
가회동,카페,빵,7
가회동,카페,디저트,8
가회동,카페,맛집,9
가회동,카페,귀여운,10
가회동,중식,간짜장,1
가회동,중식,가성비,2
가회동,중식,넓은,3
가회동,중식,다양한,4
가회동,중식,라면,5
가회동,중식,맛있는,6
가회동,중식,중국집,7
가회동,중식,분위기,8
가회동,중식,모임,9
가회동,중식,매운,10
가회동,주점,맛있는,1
가회동,주점,분위기,2
가회동,주점,안주,3
가회동,주점,커피,4
가회동,주점,깔끔한,5
가회동,주점,맥주,6
가회동,주점,친절한,7
가회동,주점,아쉬운,8
가회동,주점,예쁜,9
가회동,주점,편한,10
가회동,일식,맛있는,1
가회동,일식,맛집,2
가회동,일식,친절한,3
가회동,일식,부드러운,4
가회동,일식,분위기,5
가회동,일식,사장님,6
가회동,일식,소스,7
가회동,일식,웨이팅,8
가회동,일식,가성비,9
가회동,일식,국물,10
가회동,서양식,맛있는,1
가회동,서양식,친절한,2
가회동,서양식,분위기,3
가회동,서양식,파스타,4
가회동,서양식,특별한,5
가회동,서양식,친구랑,6
가회동,서양식,아쉬운,7
가회동,서양식,인테리어,8
가회동,서양식,사장님,9
가회동,서양식,배부른,10
가회동,분식,맛있는,1
가회동,분식,김밥,2
가회동,분식,혼밥,3
가회동,분식,가성비,4
가회동,분식,라면,5
가회동,분식,기름,6
가회동,분식,깔끔한,7
가회동,분식,깨끗한,8
가회동,분식,관광객,9
가회동,분식,간단하게 먹는,10
가회동,동남아시아,맛있는,1
가회동,동남아시아,커리,2
가회동,동남아시아,팟타이,3
가회동,동남아시아,마음,4
가회동,동남아시아,분짜,5
가회동,동남아시아,맛있는 음식,6
가회동,동남아시아,베트남,7
가회동,동남아시아,맛있는 팟타이,8
가회동,동남아시아,담백한,9
가회동,동남아시아,사장님,10
신촌동,한식,맛있는,1
신촌동,한식,친절한,2
신촌동,한식,가성비,3
신촌동,한식,볶음밥,4
신촌동,한식,반찬,5
신촌동,한식,깔끔한,6
신촌동,한식,저렴한,7
신촌동,한식,냉면,8
신촌동,한식,분위기,9
신촌동,한식,갈비,10
신촌동,패스트푸드,맛있는,1
신촌동,패스트푸드,치킨,2
신촌동,패스트푸드,피자,3
신촌동,패스트푸드,친절한,4
신촌동,패스트푸드,할인,5
신촌동,패스트푸드,넓은,6
신촌동,패스트푸드,깨끗한,7
신촌동,패스트푸드,감자튀김,8
신촌동,패스트푸드,가성비,9
신촌동,패스트푸드,이벤트,10
신촌동,카페,맛있는,1
신촌동,카페,친절한,2
신촌동,카페,커피,3
신촌동,카페,분위기,4
신촌동,카페,인테리어,5
신촌동,카페,케이크,6
신촌동,카페,넓은,7
신촌동,카페,빵,8
신촌동,카페,요거트,9
신촌동,카페,공부하기 좋은,10
신촌동,중식,맛있는,1
신촌동,중식,마라탕,2
신촌동,중식,친절한,3
신촌동,중식,꿔바로우,4
신촌동,중식,깔끔한,5
신촌동,중식,신선한,6
신촌동,중식,탕수육,7
신촌동,중식,양꼬치,8
신촌동,중식,직원,9
신촌동,중식,우육면,10
신촌동,주점,맛있는,1
신촌동,주점,친절한,2
신촌동,주점,안주,3
신촌동,주점,분위기,4
신촌동,주점,칵테일,5
신촌동,주점,사장님,6
신촌동,주점,막걸리,7
신촌동,주점,소주,8
신촌동,주점,화장실,9
신촌동,주점,포차,10
신촌동,일식,맛있는,1
신촌동,일식,친절한,2
신촌동,일식,초밥,3
신촌동,일식,가성비,4
신촌동,일식,돈까스,5
신촌동,일식,카레,6
신촌동,일식,혼밥,7
신촌동,일식,소스,8
신촌동,일식,혼밥하기 좋은,9
신촌동,일식,사케,10
신촌동,서양식,맛있는,1
신촌동,서양식,친절한,2
신촌동,서양식,파스타,3
신촌동,서양식,분위기,4
신촌동,서양식,가성비,5
신촌동,서양식,아쉬운,6
신촌동,서양식,예쁜,7
신촌동,서양식,인테리어,8
신촌동,서양식,스테이크,9
신촌동,서양식,할인,10
신촌동,분식,맛있는,1
신촌동,분식,친절한,2
신촌동,분식,떡볶이,3
신촌동,분식,김밥,4
신촌동,분식,혼밥,5
신촌동,분식,군만두,6
신촌동,분식,가성비,7
신촌동,분식,건강한,8
신촌동,분식,볶음밥,9
신촌동,분식,깔끔한,10
신촌동,동남아시아,맛있는,1
신촌동,동남아시아,친절한,2
신촌동,동남아시아,쌀국수,3
신촌동,동남아시아,볶음밥,4
신촌동,동남아시아,비싼,5
신촌동,동남아시아,커리,6
신촌동,동남아시아,곱창 쌀국수,7
신촌동,동남아시아,혼밥,8
신촌동,동남아시아,서비스,9
신촌동,동남아시아,월남쌈,10
성수2가제3동,한식,맛있는,1
성수2가제3동,한식,친절한,2
성수2가제3동,한식,깔끔한,3
성수2가제3동,한식,가성비,4
성수2가제3동,한식,국물,5
성수2가제3동,한식,푸짐한,6
성수2가제3동,한식,칼국수,7
성수2가제3동,한식,점심,8
성수2가제3동,한식,서비스,9
성수2가제3동,한식,집밥,10
성수2가제3동,패스트푸드,맛있는,1
성수2가제3동,패스트푸드,친절한,2
성수2가제3동,패스트푸드,버거,3
성수2가제3동,패스트푸드,예쁜,4
성수2가제3동,패스트푸드,아쉬운,5
성수2가제3동,패스트푸드,소스,6
성수2가제3동,패스트푸드,패티,7
성수2가제3동,패스트푸드,포장,8
성수2가제3동,패스트푸드,햄버거,9
성수2가제3동,패스트푸드,응대,10
성수2가제3동,카페,맛있는,1
성수2가제3동,카페,친절한,2
성수2가제3동,카페,예쁜,3
성수2가제3동,카페,음료,4
성수2가제3동,카페,인테리어,5
성수2가제3동,카페,분위기,6
성수2가제3동,카페,귀여운,7
성수2가제3동,카페,가성비,8
성수2가제3동,카페,디저트,9
성수2가제3동,카페,크로플,10
성수2가제3동,중식,맛있는,1
성수2가제3동,중식,탕수육,2
성수2가제3동,중식,짬뽕,3
성수2가제3동,중식,친절한,4
성수2가제3동,중식,서비스,5
성수2가제3동,중식,양꼬치,6
성수2가제3동,중식,깔끔한,7
성수2가제3동,중식,가성비,8
성수2가제3동,중식,간짜장,9
성수2가제3동,중식,고량주,10
성수2가제3동,주점,맛있는,1
성수2가제3동,주점,친절한,2
성수2가제3동,주점,안주,3
성수2가제3동,주점,좋은 분위기,10
성수2가제3동,주점,다양한,4
성수2가제3동,주점,시끄러운,5
성수2가제3동,주점,가성비,6
성수2가제3동,주점,맥주,7
성수2가제3동,주점,사장님,8
성수2가제3동,주점,술,9
성수2가제3동,일식,맛있는,1
성수2가제3동,일식,친절한,2
성수2가제3동,일식,깔끔한,3
성수2가제3동,일식,소바,4
성수2가제3동,일식,초밥,5
성수2가제3동,일식,가성비,6
성수2가제3동,일식,점심,7
성수2가제3동,일식,라멘,8
성수2가제3동,일식,웨이팅,9
성수2가제3동,일식,하이볼,10
성수2가제3동,서양식,맛있는,1
성수2가제3동,서양식,친절한,2
성수2가제3동,서양식,파스타,3
성수2가제3동,서양식,분위기,4
성수2가제3동,서양식,예쁜,5
성수2가제3동,서양식,자리,6
성수2가제3동,서양식,와인,7
성수2가제3동,서양식,예약,8
성수2가제3동,서양식,설명,9
성수2가제3동,서양식,인테리어,10
성수2가제3동,분식,맛있는,1
성수2가제3동,분식,친절한,2
성수2가제3동,분식,김밥,3
성수2가제3동,분식,가성비,4
성수2가제3동,분식,떡볶이,5
성수2가제3동,분식,라면,6
성수2가제3동,분식,매장,7
성수2가제3동,분식,많은 양,8
성수2가제3동,분식,키토 김밥,9
성수2가제3동,분식,혼잡한,10
성수2가제3동,동남아시아,맛있는,1
성수2가제3동,동남아시아,친절한,2
성수2가제3동,동남아시아,쌀국수,3
성수2가제3동,동남아시아,점심,4
성수2가제3동,동남아시아,회사,5
성수2가제3동,동남아시아,리필,6
성수2가제3동,동남아시아,반미,7
성수2가제3동,동남아시아,깔끔한,8
성수2가제3동,동남아시아,육수,9
성수2가제3동,동남아시아,인테리어,10
성수2가제1동,한식,맛있는,1
성수2가제1동,한식,친절한,2
성수2가제1동,한식,가성비,3
성수2가제1동,한식,깔끔한,4
성수2가제1동,한식,반찬,5
성수2가제1동,한식,신선한,8
성수2가제1동,한식,곱창,9
성수2가제1동,한식,주문,6
성수2가제1동,한식,냉면,7
성수2가제1동,한식,저렴한,10
성수2가제1동,패스트푸드,맛있는,1
성수2가제1동,패스트푸드,피자,2
성수2가제1동,패스트푸드,친절한,3
성수2가제1동,패스트푸드,치킨,4
성수2가제1동,패스트푸드,버거,5
성수2가제1동,패스트푸드,매장,6
성수2가제1동,패스트푸드,바삭한,7
성수2가제1동,패스트푸드,배달,8
성수2가제1동,패스트푸드,포장,9
성수2가제1동,패스트푸드,패티,10
성수2가제1동,카페,맛있는,1
성수2가제1동,카페,친절한,2
성수2가제1동,카페,예쁜,3
성수2가제1동,카페,디저트,4
성수2가제1동,카페,음료,5
성수2가제1동,카페,빵,6
성수2가제1동,카페,인테리어,7
성수2가제1동,카페,넓은,8
성수2가제1동,카페,특별한,9
성수2가제1동,카페,선물,10
성수2가제1동,중식,맛있는,1
성수2가제1동,중식,짬뽕,2
성수2가제1동,중식,새우,3
성수2가제1동,중식,아쉬운,4
성수2가제1동,중식,탕수육,5
성수2가제1동,중식,튀김,6
성수2가제1동,중식,특이한,7
성수2가제1동,중식,딤섬,8
성수2가제1동,중식,짜장면,9
성수2가제1동,중식,국물,10
성수2가제1동,주점,맛있는,1
성수2가제1동,주점,친절한,2
성수2가제1동,주점,분위기,3
성수2가제1동,주점,안주,4
성수2가제1동,주점,와인,5
성수2가제1동,주점,다양한,6
성수2가제1동,주점,서비스,7
성수2가제1동,주점,인테리어,8
성수2가제1동,주점,칵테일,9
성수2가제1동,주점,특별한,10
성수2가제1동,일식,맛있는,1
성수2가제1동,일식,친절한,2
성수2가제1동,일식,깔끔한,3
성수2가제1동,일식,신선한,4
성수2가제1동,일식,저녁,5
성수2가제1동,일식,코스,6
성수2가제1동,일식,소바,7
성수2가제1동,일식,부모님,8
성수2가제1동,일식,가성비,9
성수2가제1동,일식,예약,10
성수2가제1동,서양식,맛있는,1
성수2가제1동,서양식,친절한,2
성수2가제1동,서양식,분위기,3
성수2가제1동,서양식,와인,4
성수2가제1동,서양식,파스타,5
성수2가제1동,서양식,인테리어,6
성수2가제1동,서양식,술,7
성수2가제1동,서양식,스테이크,8
성수2가제1동,서양식,치즈,9
성수2가제1동,서양식,친구,10
성수2가제1동,분식,맛있는,1
성수2가제1동,분식,많다,2
성수2가제1동,분식,돈까스,3
성수2가제1동,분식,친절한,4
성수2가제1동,분식,치즈,5
성수2가제1동,분식,추천,6
성수2가제1동,분식,찐빵,7
성수2가제1동,분식,불친절,8
성수2가제1동,분식,회사,9
성수2가제1동,분식,머리카락,10
성수2가제1동,동남아시아,맛있는,1
성수2가제1동,동남아시아,커리,2
성수2가제1동,동남아시아,친절한,3
성수2가제1동,동남아시아,인도,4
성수2가제1동,동남아시아,팟타이,5
성수2가제1동,동남아시아,예약,6
성수2가제1동,동남아시아,영어,7
성수2가제1동,동남아시아,똠양꿍,8
성수2가제1동,동남아시아,쌀국수,9
성수2가제1동,동남아시아,가성비,10
성수1가제2동,한식,맛있는,1
성수1가제2동,한식,친절한,2
성수1가제2동,한식,고기,3
성수1가제2동,한식,가성비,4
성수1가제2동,한식,깔끔한,5
성수1가제2동,한식,점심,6
성수1가제2동,한식,반찬,7
성수1가제2동,한식,갈비,8
성수1가제2동,한식,칼국수,9
성수1가제2동,한식,냉면,10
성수1가제2동,패스트푸드,맛있는,1
성수1가제2동,패스트푸드,친절한,2
성수1가제2동,패스트푸드,치킨,3
성수1가제2동,패스트푸드,피자,4
성수1가제2동,패스트푸드,가성비,5
성수1가제2동,패스트푸드,버거,6
성수1가제2동,패스트푸드,맥주,7
성수1가제2동,패스트푸드,분위기,8
성수1가제2동,패스트푸드,패티,9
성수1가제2동,패스트푸드,피크닉,10
성수1가제2동,카페,맛있는,1
성수1가제2동,카페,커피,2
성수1가제2동,카페,친절한,3
성수1가제2동,카페,예쁜,4
성수1가제2동,카페,분위기,5
성수1가제2동,카페,음료,6
성수1가제2동,카페,디저트,7
성수1가제2동,카페,인테리어,8
성수1가제2동,카페,크로플,9
성수1가제2동,카페,소금빵,10
성수1가제2동,중식,맛있는,1
성수1가제2동,중식,짬뽕,2
성수1가제2동,중식,친절한,3
성수1가제2동,중식,육즙,4
성수1가제2동,중식,만두,5
성수1가제2동,중식,훈둔면,6
성수1가제2동,중식,통통한,7
성수1가제2동,중식,점심,8
성수1가제2동,중식,저렴한,9
성수1가제2동,중식,남편,10
성수1가제2동,주점,맛있는,1
성수1가제2동,주점,분위기,2
성수1가제2동,주점,와인,3
성수1가제2동,주점,안주,4
성수1가제2동,주점,다양한,5
성수1가제2동,주점,친절한,6
성수1가제2동,주점,저녁,7
성수1가제2동,주점,예약,8
성수1가제2동,주점,간술,9
성수1가제2동,주점,루프탑,10
성수1가제2동,일식,맛있는,1
성수1가제2동,일식,친절한,2
성수1가제2동,일식,신선한,3
성수1가제2동,일식,깔끔한,4
성수1가제2동,일식,튀김,5
성수1가제2동,일식,가성비,6
성수1가제2동,일식,돈까스,7
성수1가제2동,일식,명란,8
성수1가제2동,일식,텐동,9
성수1가제2동,일식,소바,10
성수1가제2동,서양식,맛있는,1
성수1가제2동,서양식,친절한,2
성수1가제2동,서양식,파스타,3
성수1가제2동,서양식,분위기,4
성수1가제2동,서양식,와인,5
성수1가제2동,서양식,예약,6
성수1가제2동,서양식,스테이크,7
성수1가제2동,서양식,예쁜,8
성수1가제2동,서양식,인테리어,9
성수1가제2동,서양식,음악,10
성수1가제2동,분식,맛있는,1
성수1가제2동,분식,김밥,2
성수1가제2동,분식,떡볶이,3
성수1가제2동,분식,친절한,4
성수1가제2동,분식,간단한,5
성수1가제2동,분식,돈까스,6
성수1가제2동,분식,혼밥,7
성수1가제2동,분식,점심,8
성수1가제2동,분식,예약,9
성수1가제2동,분식,색다른,10
성수1가제2동,동남아시아,맛있는,1
성수1가제2동,동남아시아,친절한,2
성수1가제2동,동남아시아,쌀국수,3
성수1가제2동,동남아시아,국물,4
성수1가제2동,동남아시아,베트남,5
성수1가제2동,동남아시아,서비스,6
성수1가제2동,동남아시아,새우,7
성수1가제2동,동남아시아,분위기,8
성수1가제2동,동남아시아,향신료,9
성수1가제2동,동남아시아,깔끔한,10
성수1가제1동,한식,맛있는,1
성수1가제1동,한식,친절한,2
성수1가제1동,한식,가성비,3
성수1가제1동,한식,비싼,4
성수1가제1동,한식,서빙,5
성수1가제1동,한식,분위기,6
성수1가제1동,한식,깔끔한,7
성수1가제1동,한식,고기,8
성수1가제1동,한식,스타일,9
성수1가제1동,한식,프라이빗한,10
성수1가제1동,패스트푸드,맛있는,1
성수1가제1동,패스트푸드,배달,2
성수1가제1동,패스트푸드,친절한,3
성수1가제1동,패스트푸드,피자,4
성수1가제1동,패스트푸드,감자튀김,5
성수1가제1동,패스트푸드,빠른,6
성수1가제1동,패스트푸드,가성비,7
성수1가제1동,패스트푸드,맥주,8
성수1가제1동,패스트푸드,아이스크림,9
성수1가제1동,패스트푸드,주말,10
성수1가제1동,카페,맛있는,1
성수1가제1동,카페,친절한,2
성수1가제1동,카페,커피,3
성수1가제1동,카페,디저트,4
성수1가제1동,카페,분위기,5
성수1가제1동,카페,깔끔한,6
성수1가제1동,카페,넓은,7
성수1가제1동,카페,샌드위치,8
성수1가제1동,카페,쾌적한,9
성수1가제1동,카페,힐링,10
성수1가제1동,중식,맛있는,1
성수1가제1동,중식,친절한,2
성수1가제1동,중식,탕수육,3
성수1가제1동,중식,청결한,4
성수1가제1동,중식,짬뽕,5
성수1가제1동,중식,짜장면,6
성수1가제1동,중식,지인,7
성수1가제1동,중식,점심,8
성수1가제1동,중식,국물,9
성수1가제1동,중식,깔끔한,10
성수1가제1동,주점,맛있는,1
성수1가제1동,주점,분위기,2
성수1가제1동,주점,와인,3
성수1가제1동,주점,골뱅이,4
성수1가제1동,주점,맥주,5
성수1가제1동,주점,친절한,6
성수1가제1동,주점,예약,7
성수1가제1동,주점,서비스,8
성수1가제1동,주점,페어링,9
성수1가제1동,주점,퇴근길,10
성수1가제1동,일식,맛있는,1
성수1가제1동,일식,돈까스,2
성수1가제1동,일식,라멘,3
성수1가제1동,일식,부드러운,4
성수1가제1동,일식,친절한,5
성수1가제1동,일식,분위기,6
성수1가제1동,일식,사시미,7
성수1가제1동,일식,신선한,8
성수1가제1동,일식,접객,9
성수1가제1동,일식,정돈된,10
성수1가제1동,서양식,맛있는,1
성수1가제1동,서양식,친절한,2
성수1가제1동,서양식,파스타,3
성수1가제1동,서양식,분위기,4
성수1가제1동,서양식,인테리어,5
성수1가제1동,서양식,예쁜,6
성수1가제1동,서양식,야외,7
성수1가제1동,서양식,테라스,8
성수1가제1동,서양식,사진,9
성수1가제1동,서양식,창가,10
성수1가제1동,분식,맛있는,1
성수1가제1동,분식,김밥,2
성수1가제1동,분식,깔끔한,3
성수1가제1동,분식,떡볶이,4
성수1가제1동,분식,가성비,5
성수1가제1동,분식,예쁜,6
성수1가제1동,분식,국수,7
성수1가제1동,분식,비싼,8
성수1가제1동,분식,친절한,9
성수1가제1동,분식,피크닉,10
성수1가제1동,동남아시아,맛있는,1
성수1가제1동,동남아시아,친절한,2
성수1가제1동,동남아시아,쌀국수,3
성수1가제1동,동남아시아,서울숲,4
성수1가제1동,동남아시아,점심,5
성수1가제1동,동남아시아,팟타이,6
성수1가제1동,동남아시아,육수,7
성수1가제1동,동남아시아,넓은,8
성수1가제1동,동남아시아,얼큰한,9
성수1가제1동,동남아시아,매콤,10
삼청동,한식,맛있는,1
삼청동,한식,친절한,2
삼청동,한식,반찬,3
삼청동,한식,깔끔한,4
삼청동,한식,고기,5
삼청동,한식,정갈한,6
삼청동,한식,비싼,7
삼청동,한식,김치,8
삼청동,한식,부드러운,9
삼청동,한식,청와대,10
삼청동,패스트푸드,친절한,1
삼청동,패스트푸드,맛있는,2
삼청동,패스트푸드,특이한,3
삼청동,패스트푸드,튀김,4
삼청동,패스트푸드,깔끔한,5
삼청동,패스트푸드,치즈볼,6
삼청동,패스트푸드,컨셉,7
삼청동,패스트푸드,치킨,8
삼청동,패스트푸드,감자칩,9
삼청동,패스트푸드,소스,10
삼청동,카페,맛있는,1
삼청동,카페,커피,2
삼청동,카페,친절한,3
삼청동,카페,예쁜,4
삼청동,카페,분위기,5
삼청동,카페,인테리어,6
삼청동,카페,빙수,7
삼청동,카페,뷰,8
삼청동,카페,테라스,9
삼청동,카페,루프탑,10
삼청동,중식,맛있는,1
삼청동,중식,탕수육,2
삼청동,중식,코스,3
삼청동,중식,친절한,4
삼청동,중식,짬뽕,5
삼청동,중식,짜장면,6
삼청동,중식,예약,7
삼청동,중식,주말,8
삼청동,중식,비싼,9
삼청동,중식,부모님,10
삼청동,주점,분위기,1
삼청동,주점,맛있는,2
삼청동,주점,맥주,3
삼청동,주점,색다른,4
삼청동,주점,플레이팅,5
삼청동,주점,산만한,6
삼청동,주점,바,7
삼청동,주점,칵테일,8
삼청동,주점,재즈,9
삼청동,주점,와인,10
삼청동,일식,맛있는,1
삼청동,일식,차슈,2
삼청동,일식,인테리어,3
삼청동,일식,웨이팅,4
삼청동,일식,스시,5
삼청동,일식,점심,6
삼청동,일식,부드러운,7
삼청동,일식,라멘,8
삼청동,일식,따뜻한,9
삼청동,일식,분위기,10
삼청동,서양식,맛있는,1
삼청동,서양식,친절한,2
삼청동,서양식,파스타,3
삼청동,서양식,분위기,4
삼청동,서양식,피자,5
삼청동,서양식,스테이크,6
삼청동,서양식,웨이팅,7
삼청동,서양식,비싼,8
삼청동,서양식,코스,9
삼청동,서양식,와인,10
삼청동,분식,맛있는,1
삼청동,분식,김밥,2
삼청동,분식,친절한,3
삼청동,분식,건강한,4
삼청동,분식,피냉면,5
삼청동,분식,특이한,6
삼청동,분식,테라스,7
삼청동,분식,청와대,8
삼청동,분식,좁은,9
삼청동,분식,깔끔한,10
삼청동,동남아시아,설명,1
삼청동,동남아시아,분위기,2
삼청동,동남아시아,맛있는,3
삼청동,동남아시아,스테이크,4
삼청동,동남아시아,식사,5
삼청동,동남아시아,예약,6
삼청동,동남아시아,요리,7
삼청동,동남아시아,특별한,8
삼청동,동남아시아,코스,9
삼청동,동남아시아,친절한,10
가회동,한식,맛있는,1
가회동,한식,친절한,2
가회동,한식,반찬,3
가회동,한식,깔끔한,4
가회동,한식,고기,5
가회동,한식,정갈한,6
가회동,한식,가성비,7
가회동,한식,막걸리,8
가회동,한식,서비스,9
가회동,한식,백반,10
가회동,패스트푸드,맛있는,1
가회동,패스트푸드,친절한,2
가회동,패스트푸드,샐러드,3
가회동,패스트푸드,분위기,4
가회동,패스트푸드,피자,5
가회동,패스트푸드,도우,6
가회동,패스트푸드,예쁜,7
가회동,패스트푸드,신선한,8
가회동,패스트푸드,늦은,9
가회동,패스트푸드,웨이팅,10
가회동,카페,맛있는,1
가회동,카페,커피,2
가회동,카페,분위기,3
가회동,카페,친절한,4
가회동,카페,예쁜,5
가회동,카페,인테리어,6
가회동,카페,팥빙수,7
가회동,카페,스콘,8
가회동,카페,얼그레이,9
가회동,카페,한옥,10
가회동,중식,혼밥,1
가회동,중식,친절한,2
가회동,중식,재료,3
가회동,중식,신선한,4
가회동,중식,빠른,5
가회동,중식,맛있는,6
가회동,중식,넓은,7
가회동,중식,가성비,8
가회동,중식,매운,9
가회동,중식,모임,10
가회동,주점,테이블,1
가회동,주점,잔,2
가회동,주점,안주,3
가회동,주점,맛있는,4
가회동,주점,데이트,5
가회동,주점,위스키,6
가회동,주점,음악,7
가회동,주점,하이볼,8
가회동,주점,조명,9
가회동,주점,풍경,10
가회동,일식,맛있는,1
가회동,일식,친절한,2
가회동,일식,안심,3
가회동,일식,돈까스,4
가회동,일식,깔끔한,5
가회동,일식,웨이팅,6
가회동,일식,차분한,7
가회동,일식,분위기,8
가회동,일식,부드러운,9
가회동,일식,모밀,10
가회동,서양식,맛있는,1
가회동,서양식,친절한,2
가회동,서양식,가성비,3
가회동,서양식,분위기,4
가회동,서양식,특별한,5
가회동,서양식,점심,6
가회동,서양식,예약,7
가회동,서양식,설명,8
가회동,서양식,서비스,9
가회동,서양식,친구랑,10
가회동,분식,맛있는,1
가회동,분식,김밥,2
가회동,분식,라볶이,3
가회동,분식,간단하게 먹는,4
가회동,분식,가성비,5
가회동,분식,떡볶이,6
가회동,분식,평범한,7
가회동,분식,혼밥,8
가회동,분식,튀김,9
가회동,분식,정갈한,10
가회동,동남아시아,맛있는,1
가회동,동남아시아,볶음밥,2
가회동,동남아시아,커리,3
가회동,동남아시아,팟타이,4
가회동,동남아시아,가성비,5
가회동,동남아시아,환기 안되는,6
가회동,동남아시아,현지,7
가회동,동남아시아,저렴한,8
가회동,동남아시아,베트남,9
가회동,동남아시아,존맛,10
신촌동,한식,맛있는,1
신촌동,한식,친절한,2
신촌동,한식,고기,3
신촌동,한식,가성비,4
신촌동,한식,반찬,5
신촌동,한식,많은 양,6
신촌동,한식,가성비 좋은,7
신촌동,한식,김치,8
신촌동,한식,깔끔한,9
신촌동,한식,서비스,10
신촌동,패스트푸드,맛있는,1
신촌동,패스트푸드,친절한,2
신촌동,패스트푸드,피자,3
신촌동,패스트푸드,가성비,4
신촌동,패스트푸드,소스,5
신촌동,패스트푸드,치킨,6
신촌동,패스트푸드,버거,7
신촌동,패스트푸드,포장,8
신촌동,패스트푸드,다양한,9
신촌동,패스트푸드,넓은,10
신촌동,카페,맛있는,1
신촌동,카페,친절한,2
신촌동,카페,커피,3
신촌동,카페,분위기,4
신촌동,카페,음료,5
신촌동,카페,가성비,6
신촌동,카페,매장,7
신촌동,카페,인테리어,8
신촌동,카페,공부하기 좋은,9
신촌동,카페,자리,10
신촌동,중식,맛있는,1
신촌동,중식,친절한,2
신촌동,중식,마라탕,3
신촌동,중식,재료,4
신촌동,중식,깨끗한,5
신촌동,중식,신선한,6
신촌동,중식,가성비,7
신촌동,중식,탕수육,8
신촌동,중식,짜장면,9
신촌동,중식,다양한,10
신촌동,주점,맛있는,1
신촌동,주점,안주,2
신촌동,주점,가성비,3
신촌동,주점,친절한,4
신촌동,주점,맥주,5
신촌동,주점,칵테일,6
신촌동,주점,다양한,7
신촌동,주점,저렴한,8
신촌동,주점,막걸리,10
신촌동,주점,단체,9
신촌동,일식,맛있는,1
신촌동,일식,친절한,2
신촌동,일식,초밥,3
신촌동,일식,가성비,4
신촌동,일식,신선한,5
신촌동,일식,돈까스,6
신촌동,일식,라멘,7
신촌동,일식,혼밥,8
신촌동,일식,소스,9
신촌동,일식,매장,10
신촌동,서양식,맛있는,1
신촌동,서양식,친절한,2
신촌동,서양식,파스타,3
신촌동,서양식,분위기,4
신촌동,서양식,소스,5
신촌동,서양식,돈까스,6
신촌동,서양식,가성비,7
신촌동,서양식,스테이크,8
신촌동,서양식,타코,9
신촌동,서양식,예쁜,10
신촌동,분식,맛있는,1
신촌동,분식,떡볶이,2
신촌동,분식,김밥,3
신촌동,분식,친절한,4
신촌동,분식,가성비,5
신촌동,분식,혼밥,6
신촌동,분식,맛집,7
신촌동,분식,커피,8
신촌동,분식,튀김,9
신촌동,분식,혼밥하기 좋은,10
신촌동,동남아시아,맛있는,1
신촌동,동남아시아,쌀국수,2
신촌동,동남아시아,많은 양,3
신촌동,동남아시아,친절한,4
신촌동,동남아시아,저렴한,5
신촌동,동남아시아,인도,6
신촌동,동남아시아,커리,7
신촌동,동남아시아,베트남,8
신촌동,동남아시아,세트,9
신촌동,동남아시아,고수,10
성수2가제3동,한식,맛있는,1
성수2가제3동,한식,친절한,2
성수2가제3동,한식,많은 양,3
성수2가제3동,한식,깔끔한,4
성수2가제3동,한식,점심,5
성수2가제3동,한식,가성비,6
성수2가제3동,한식,칼국수,7
성수2가제3동,한식,분위기,8
성수2가제3동,한식,저렴한,9
성수2가제3동,한식,서비스,10
성수2가제3동,패스트푸드,맛있는,1
성수2가제3동,패스트푸드,친절한,2
성수2가제3동,패스트푸드,버거,3
성수2가제3동,패스트푸드,피자,4
성수2가제3동,패스트푸드,많은 양,5
성수2가제3동,패스트푸드,패티,6
성수2가제3동,패스트푸드,햄버거,7
성수2가제3동,패스트푸드,배달,8
성수2가제3동,패스트푸드,인테리어,9
성수2가제3동,패스트푸드,치킨,10
성수2가제3동,카페,맛있는,1
성수2가제3동,카페,커피,2
성수2가제3동,카페,친절한,3
성수2가제3동,카페,예쁜,4
성수2가제3동,카페,라떼,5
성수2가제3동,카페,인테리어,6
성수2가제3동,카페,케이크,7
성수2가제3동,카페,분위기,8
성수2가제3동,카페,넓은,9
성수2가제3동,카페,아침,10
성수2가제3동,중식,맛있는,1
성수2가제3동,중식,친절한,2
성수2가제3동,중식,짬뽕,3
성수2가제3동,중식,탕수육,4
성수2가제3동,중식,가성비,5
성수2가제3동,중식,아쉬운,6
성수2가제3동,중식,볶음밥,7
성수2가제3동,중식,재료,8
성수2가제3동,중식,점심,9
성수2가제3동,중식,저렴한,10
성수2가제3동,주점,맛있는,1
성수2가제3동,주점,분위기,2
성수2가제3동,주점,친절한,3
성수2가제3동,주점,안주,4
성수2가제3동,주점,다양한,5
성수2가제3동,주점,술,6
성수2가제3동,주점,맥주,7
성수2가제3동,주점,치킨,8
성수2가제3동,주점,데이트,9
성수2가제3동,주점,노포,10
성수2가제3동,일식,맛있는,1
성수2가제3동,일식,친절한,2
성수2가제3동,일식,우동,3
성수2가제3동,일식,초밥,4
성수2가제3동,일식,가성비,5
성수2가제3동,일식,분위기,6
성수2가제3동,일식,카레,7
성수2가제3동,일식,서비스,8
성수2가제3동,일식,세트,9
성수2가제3동,일식,깔끔한,10
성수2가제3동,서양식,맛있는,1
성수2가제3동,서양식,친절한,2
성수2가제3동,서양식,분위기,3
성수2가제3동,서양식,예쁜,4
성수2가제3동,서양식,뇨끼,5
성수2가제3동,서양식,스테이크,6
성수2가제3동,서양식,샐러드,7
성수2가제3동,서양식,깔끔한,8
성수2가제3동,서양식,인테리어,9
성수2가제3동,서양식,코스,10
성수2가제3동,분식,맛있는,1
성수2가제3동,분식,친절한,2
성수2가제3동,분식,김밥,3
성수2가제3동,분식,혼밥,4
성수2가제3동,분식,편한,5
성수2가제3동,분식,재료,6
성수2가제3동,분식,신선한,7
성수2가제3동,분식,순대,8
성수2가제3동,분식,빨리 나오는,9
성수2가제3동,분식,키토,10
성수2가제3동,동남아시아,맛있는,1
성수2가제3동,동남아시아,쌀국수,2
성수2가제3동,동남아시아,많은 양,3
성수2가제3동,동남아시아,고기,4
성수2가제3동,동남아시아,커리,5
성수2가제3동,동남아시아,친절한,6
성수2가제3동,동남아시아,리필,7
성수2가제3동,동남아시아,깔끔한,8
성수2가제3동,동남아시아,곱창 쌀국수,9
성수2가제3동,동남아시아,점심,10
성수2가제1동,한식,맛있는,1
성수2가제1동,한식,친절한,2
성수2가제1동,한식,고기,3
성수2가제1동,한식,점심,4
성수2가제1동,한식,가성비,5
성수2가제1동,한식,깔끔한,6
성수2가제1동,한식,반찬,7
성수2가제1동,한식,신선한,8
성수2가제1동,한식,저렴한,9
성수2가제1동,한식,든든한,10
성수2가제1동,패스트푸드,맛있는,1
성수2가제1동,패스트푸드,친절한,2
성수2가제1동,패스트푸드,치킨,3
성수2가제1동,패스트푸드,피자,4
성수2가제1동,패스트푸드,가성비,5
성수2가제1동,패스트푸드,바삭한,6
성수2가제1동,패스트푸드,포장,7
성수2가제1동,패스트푸드,햄버거,8
성수2가제1동,패스트푸드,빠른,9
성수2가제1동,패스트푸드,청결한,10
성수2가제1동,카페,맛있는,1
성수2가제1동,카페,친절한,2
성수2가제1동,카페,커피,3
성수2가제1동,카페,분위기,4
성수2가제1동,카페,예쁜,5
성수2가제1동,카페,빵,6
성수2가제1동,카페,디저트,7
성수2가제1동,카페,인테리어,8
성수2가제1동,카페,사진,9
성수2가제1동,카페,소금빵,10
성수2가제1동,중식,맛있는,1
성수2가제1동,중식,주문,2
성수2가제1동,중식,친절한,3
성수2가제1동,중식,짬뽕,4
성수2가제1동,중식,기분,5
성수2가제1동,중식,서빙,6
성수2가제1동,중식,새우,7
성수2가제1동,중식,빠른,8
성수2가제1동,중식,복잡한,9
성수2가제1동,중식,저렴한,10
성수2가제1동,주점,맛있는,1
성수2가제1동,주점,친절한,2
성수2가제1동,주점,안주,3
성수2가제1동,주점,분위기,4
성수2가제1동,주점,인테리어,5
성수2가제1동,주점,칵테일,6
성수2가제1동,주점,강아지,7
성수2가제1동,주점,유쾌한,8
성수2가제1동,주점,시끄러운,9
성수2가제1동,주점,신청곡,10
성수2가제1동,일식,맛있는,1
성수2가제1동,일식,테이블,2
성수2가제1동,일식,친절한,3
성수2가제1동,일식,신선한,4
성수2가제1동,일식,코스,5
성수2가제1동,일식,참치,6
성수2가제1동,일식,재료,7
성수2가제1동,일식,대화,8
성수2가제1동,일식,예약,9
성수2가제1동,일식,사케,10
성수2가제1동,서양식,맛있는,1
성수2가제1동,서양식,친절한,2
성수2가제1동,서양식,분위기,3
성수2가제1동,서양식,와인,4
성수2가제1동,서양식,파스타,5
성수2가제1동,서양식,인테리어,6
성수2가제1동,서양식,예쁜,7
성수2가제1동,서양식,재료,8
성수2가제1동,서양식,점심,9
성수2가제1동,서양식,깔끔한,10
성수2가제1동,분식,맛있는,1
성수2가제1동,분식,가성비,2
성수2가제1동,분식,포장,3
성수2가제1동,분식,친절한,4
성수2가제1동,분식,교자,5
성수2가제1동,분식,단골,6
성수2가제1동,분식,분위기,7
성수2가제1동,분식,많은 양,8
성수2가제1동,분식,회사,9
성수2가제1동,분식,만두,10
성수2가제1동,동남아시아,맛있는,1
성수2가제1동,동남아시아,쌀국수,2
성수2가제1동,동남아시아,팟타이,3
성수2가제1동,동남아시아,짜조,4
성수2가제1동,동남아시아,친절한,5
성수2가제1동,동남아시아,커리,6
성수2가제1동,동남아시아,점심,7
성수2가제1동,동남아시아,고급진,8
성수2가제1동,동남아시아,비싼,9
성수2가제1동,동남아시아,깔끔한,10
성수1가제2동,한식,맛있는,1
성수1가제2동,한식,친절한,2
성수1가제2동,한식,깔끔한,3
성수1가제2동,한식,가성비,4
성수1가제2동,한식,분위기,5
성수1가제2동,한식,점심,6
성수1가제2동,한식,맛집,7
성수1가제2동,한식,다양한,8
성수1가제2동,한식,넓은,9
성수1가제2동,한식,혼밥,10
성수1가제2동,패스트푸드,맛있는,1
성수1가제2동,패스트푸드,친절한,2
성수1가제2동,패스트푸드,치킨,3
성수1가제2동,패스트푸드,피자,4
성수1가제2동,패스트푸드,가성비,5
성수1가제2동,패스트푸드,버거,6
성수1가제2동,패스트푸드,도우,7
성수1가제2동,패스트푸드,소스,8
성수1가제2동,패스트푸드,재료,9
성수1가제2동,패스트푸드,포장,10
성수1가제2동,카페,맛있는,1
성수1가제2동,카페,커피,2
성수1가제2동,카페,친절한,3
성수1가제2동,카페,예쁜,4
성수1가제2동,카페,분위기,5
성수1가제2동,카페,디저트,6
성수1가제2동,카페,라떼,7
성수1가제2동,카페,크로플,8
성수1가제2동,카페,원두,9
성수1가제2동,카페,힐링,10
성수1가제2동,중식,맛있는,1
성수1가제2동,중식,친절한,2
성수1가제2동,중식,짬뽕,3
성수1가제2동,중식,만두,4
성수1가제2동,중식,가성비,5
성수1가제2동,중식,양꼬치,6
성수1가제2동,중식,고급진,7
성수1가제2동,중식,푸짐한,8
성수1가제2동,중식,탕수육,9
성수1가제2동,중식,재료,10
성수1가제2동,주점,맛있는,1
성수1가제2동,주점,친절한,2
성수1가제2동,주점,안주,3
성수1가제2동,주점,와인,4
성수1가제2동,주점,술,5
성수1가제2동,주점,막걸리,6
성수1가제2동,주점,음악,7
성수1가제2동,주점,깔끔한,8
성수1가제2동,주점,취향,9
성수1가제2동,주점,퇴근,10
성수1가제2동,일식,맛있는,1
성수1가제2동,일식,친절한,2
성수1가제2동,일식,깔끔한,4
성수1가제2동,일식,점심,3
성수1가제2동,일식,돈까스,5
성수1가제2동,일식,가성비,6
성수1가제2동,일식,정식,7
성수1가제2동,일식,소바,8
성수1가제2동,일식,텐동,9
성수1가제2동,일식,인스타,10
성수1가제2동,서양식,맛있는,1
성수1가제2동,서양식,친절한,2
성수1가제2동,서양식,파스타,3
성수1가제2동,서양식,분위기,4
성수1가제2동,서양식,와인,5
성수1가제2동,서양식,예약,6
성수1가제2동,서양식,돈까스,7
성수1가제2동,서양식,건강한,8
성수1가제2동,서양식,신선한,9
성수1가제2동,서양식,특별한,10
성수1가제2동,분식,맛있는,1
성수1가제2동,분식,친절한,2
성수1가제2동,분식,김밥,3
성수1가제2동,분식,떡볶이,4
성수1가제2동,분식,가성비,5
성수1가제2동,분식,빨리,6
성수1가제2동,분식,신선한,7
성수1가제2동,분식,넓은,8
성수1가제2동,분식,감자튀김,9
성수1가제2동,분식,혼밥,10
성수1가제2동,동남아시아,맛있는,1
성수1가제2동,동남아시아,친절한,2
성수1가제2동,동남아시아,쌀국수,3
성수1가제2동,동남아시아,팟타이,4
성수1가제2동,동남아시아,튀김,5
성수1가제2동,동남아시아,쾌적한,6
성수1가제2동,동남아시아,커리,7
성수1가제2동,동남아시아,직장인,8
성수1가제2동,동남아시아,고수,9
성수1가제2동,동남아시아,얼큰한,10
성수1가제1동,한식,맛있는,1
성수1가제1동,한식,친절한,2
성수1가제1동,한식,점심,3
성수1가제1동,한식,가성비,4
성수1가제1동,한식,칼국수,5
성수1가제1동,한식,백반,6
성수1가제1동,한식,회식,7
성수1가제1동,한식,직장인,8
성수1가제1동,한식,혼밥,9
성수1가제1동,한식,모임,10
성수1가제1동,패스트푸드,맛있는,1
성수1가제1동,패스트푸드,친절한,2
성수1가제1동,패스트푸드,가성비,3
성수1가제1동,패스트푸드,치킨,4
성수1가제1동,패스트푸드,포장,5
성수1가제1동,패스트푸드,저렴한,6
성수1가제1동,패스트푸드,배달,7
성수1가제1동,패스트푸드,빠른,8
성수1가제1동,패스트푸드,야외,9
성수1가제1동,패스트푸드,주말,10
성수1가제1동,카페,맛있는,1
성수1가제1동,카페,커피,2
성수1가제1동,카페,친절한,3
성수1가제1동,카페,분위기,4
성수1가제1동,카페,예쁜,5
성수1가제1동,카페,디저트,6
성수1가제1동,카페,인테리어,7
성수1가제1동,카페,조용한,8
성수1가제1동,카페,깔끔한,9
성수1가제1동,카페,원두,10
성수1가제1동,중식,맛있는,1
성수1가제1동,중식,탕수육,2
성수1가제1동,중식,친절한,3
성수1가제1동,중식,짬뽕,4
성수1가제1동,중식,저렴한,5
성수1가제1동,중식,소풍,6
성수1가제1동,중식,깔끔한,7
성수1가제1동,중식,서비스,8
성수1가제1동,중식,배달,9
성수1가제1동,중식,깨끗한,10
성수1가제1동,주점,맛있는,1
성수1가제1동,주점,분위기,2
성수1가제1동,주점,와인,3
성수1가제1동,주점,안주,4
성수1가제1동,주점,친절한,5
성수1가제1동,주점,맥주,6
성수1가제1동,주점,예약,7
성수1가제1동,주점,음악,8
성수1가제1동,주점,재즈,9
성수1가제1동,주점,퇴근길,10
성수1가제1동,일식,맛있는,1
성수1가제1동,일식,친절한,2
성수1가제1동,일식,분위기,3
성수1가제1동,일식,부드러운,4
성수1가제1동,일식,깔끔한,5
성수1가제1동,일식,돈까스,6
성수1가제1동,일식,다양한,7
성수1가제1동,일식,코스,8
성수1가제1동,일식,웨이팅,9
성수1가제1동,일식,비싼,10
성수1가제1동,서양식,맛있는,1
성수1가제1동,서양식,친절한,2
성수1가제1동,서양식,분위기,3
성수1가제1동,서양식,와인,4
성수1가제1동,서양식,파스타,5
성수1가제1동,서양식,예쁜,6
성수1가제1동,서양식,인테리어,7
성수1가제1동,서양식,유명한,8
성수1가제1동,서양식,서비스,9
성수1가제1동,서양식,테라스,10
성수1가제1동,분식,맛있는,1
성수1가제1동,분식,김밥,2
성수1가제1동,분식,떡볶이,3
성수1가제1동,분식,친절한,4
성수1가제1동,분식,깔끔한,5
성수1가제1동,분식,혼밥,6
성수1가제1동,분식,포장,7
성수1가제1동,분식,가성비,8
성수1가제1동,분식,피크닉,9
성수1가제1동,분식,라면,10
성수1가제1동,동남아시아,맛있는,1
성수1가제1동,동남아시아,쌀국수,2
성수1가제1동,동남아시아,깔끔한,3
성수1가제1동,동남아시아,친절한,4
성수1가제1동,동남아시아,포장,5
성수1가제1동,동남아시아,팟타이,6
성수1가제1동,동남아시아,커리,7
성수1가제1동,동남아시아,대화,8
성수1가제1동,동남아시아,베트남,9
성수1가제1동,동남아시아,점심,10
삼청동,한식,맛있는,1
삼청동,한식,친절한,2
삼청동,한식,깔끔한,3
삼청동,한식,고기,4
삼청동,한식,반찬,5
삼청동,한식,비싼,6
삼청동,한식,예약,7
삼청동,한식,정갈한,8
삼청동,한식,정식,9
삼청동,한식,상견례,10
삼청동,패스트푸드,맛있는,1
삼청동,패스트푸드,친절한,2
삼청동,패스트푸드,치킨,3
삼청동,패스트푸드,자리,4
삼청동,패스트푸드,인테리어,5
삼청동,패스트푸드,음료,6
삼청동,패스트푸드,깔끔한,7
삼청동,패스트푸드,냄새,8
삼청동,패스트푸드,튀김,9
삼청동,패스트푸드,감자칩,10
삼청동,카페,맛있는,1
삼청동,카페,커피,2
삼청동,카페,친절한,3
삼청동,카페,분위기,4
삼청동,카페,예쁜,5
삼청동,카페,빙수,6
삼청동,카페,조용한,7
삼청동,카페,디저트,8
삼청동,카페,뷰,9
삼청동,카페,테라스,10
삼청동,중식,맛있는,1
삼청동,중식,짜장면,2
삼청동,중식,탕수육,3
삼청동,중식,특별한,4
삼청동,중식,트러플,5
삼청동,중식,아쉬운,6
삼청동,중식,새우,7
삼청동,중식,분위기,8
삼청동,중식,비싼,9
삼청동,중식,코스,10
삼청동,주점,맛있는,1
삼청동,주점,분위기,2
삼청동,주점,와인,3
삼청동,주점,안주,4
삼청동,주점,친절한,5
삼청동,주점,인테리어,6
삼청동,주점,평일,7
삼청동,주점,칵테일,8
삼청동,주점,공연,9
삼청동,주점,빈티지,10
삼청동,일식,맛있는,1
삼청동,일식,특별한,2
삼청동,일식,인테리어,3
삼청동,일식,스시,4
삼청동,일식,쉐프,5
삼청동,일식,빠른,6
삼청동,일식,분위기,7
삼청동,일식,라멘,8
삼청동,일식,국물,9
삼청동,일식,웨이팅,10
삼청동,서양식,맛있는,1
삼청동,서양식,친절한,2
삼청동,서양식,분위기,3
삼청동,서양식,파스타,4
삼청동,서양식,예쁜,5
삼청동,서양식,코스,6
삼청동,서양식,특별한,7
삼청동,서양식,인테리어,8
삼청동,서양식,웨이팅,9
삼청동,서양식,예약,10
삼청동,분식,맛있는,1
삼청동,분식,김밥,2
삼청동,분식,라면,3
삼청동,분식,테이블,4
삼청동,분식,친절한,5
삼청동,분식,만두,6
삼청동,분식,좁은,7
삼청동,분식,음료,8
삼청동,분식,와사비,9
삼청동,분식,늦은,10
삼청동,동남아시아,친절한,1
삼청동,동남아시아,식사,2
삼청동,동남아시아,설명,3
삼청동,동남아시아,서빙,4
삼청동,동남아시아,맛있는,5
삼청동,동남아시아,코스,6
삼청동,동남아시아,특별한,7
삼청동,동남아시아,예약,8
삼청동,동남아시아,저렴한,9
삼청동,동남아시아,베트남,10
가회동,한식,맛있는,1
가회동,한식,친절한,2
가회동,한식,반찬,3
가회동,한식,김치,4
가회동,한식,깔끔한,5
가회동,한식,비싼,6
가회동,한식,정식,7
가회동,한식,웨이팅,8
가회동,한식,쌈밥,9
가회동,한식,백반,10
가회동,패스트푸드,맛있는,1
가회동,패스트푸드,피자,2
가회동,패스트푸드,치킨,3
가회동,패스트푸드,친절한,4
가회동,패스트푸드,화덕,5
가회동,패스트푸드,신선한,6
가회동,패스트푸드,나들이,7
가회동,패스트푸드,야외,8
가회동,패스트푸드,샌드위치,9
가회동,패스트푸드,무난한,10
가회동,카페,맛있는,1
가회동,카페,커피,2
가회동,카페,친절한,3
가회동,카페,예쁜,4
가회동,카페,케이크,5
가회동,카페,빵,6
가회동,카페,빙수,7
가회동,카페,뷰,8
가회동,카페,웨이팅,9
가회동,카페,비싼,10
가회동,중식,친절한,1
가회동,중식,직장,2
가회동,중식,점심,3
가회동,중식,맛있는,4
가회동,중식,괜찮은,5
가회동,중식,혼밥,6
가회동,중식,빠른,7
가회동,중식,간짜장,8
가회동,중식,모임,9
가회동,중식,넓은,10
가회동,주점,맛있는,1
가회동,주점,분위기,2
가회동,주점,다양한,3
가회동,주점,친절한,4
가회동,주점,토요일,5
가회동,주점,넓은,6
가회동,주점,예쁜,7
가회동,주점,와인,8
가회동,주점,인테리어,9
가회동,주점,위스키,10
가회동,일식,맛있는,1
가회동,일식,친절한,2
가회동,일식,점심,3
가회동,일식,분위기,4
가회동,일식,우동,5
가회동,일식,예약,6
가회동,일식,세트,7
가회동,일식,특별한,8
가회동,일식,직장인,9
가회동,일식,쾌적한,10
가회동,서양식,맛있는,1
가회동,서양식,친절한,2
가회동,서양식,가성비,3
가회동,서양식,분위기,4
가회동,서양식,칵테일,5
가회동,서양식,청결한,6
가회동,서양식,주차,7
가회동,서양식,조용한,8
가회동,서양식,웨이팅,9
가회동,서양식,인테리어,10
가회동,분식,맛있는,1
가회동,분식,많은 양,2
가회동,분식,김밥,3
가회동,분식,순대,4
가회동,분식,라볶이,5
가회동,분식,떡볶이,6
가회동,분식,깔끔한,7
가회동,분식,아쉬운,8
가회동,분식,저렴한,9
가회동,분식,재료,10
가회동,동남아시아,맛있는,1
가회동,동남아시아,짜조,2
가회동,동남아시아,팟타이,3
가회동,동남아시아,커리,4
가회동,동남아시아,환기 안되는,5
가회동,동남아시아,지하,6
가회동,동남아시아,쌀국수,7
가회동,동남아시아,소스,8
가회동,동남아시아,현지,9
가회동,동남아시아,저렴한,10
신촌동,한식,맛있는,1
신촌동,한식,친절한,2
신촌동,한식,고기,3
신촌동,한식,가성비,4
신촌동,한식,깔끔한,5
신촌동,한식,많은 양,6
신촌동,한식,김치,7
신촌동,한식,매장,8
신촌동,한식,포장,9
신촌동,한식,점심,10
신촌동,패스트푸드,맛있는,1
신촌동,패스트푸드,친절한,2
신촌동,패스트푸드,피자,3
신촌동,패스트푸드,가성비,4
신촌동,패스트푸드,치킨,5
신촌동,패스트푸드,포장,6
신촌동,패스트푸드,햄버거,7
신촌동,패스트푸드,튀김,8
신촌동,패스트푸드,넓은,9
신촌동,패스트푸드,깨끗한,10
신촌동,카페,맛있는,1
신촌동,카페,커피,2
신촌동,카페,친절한,3
신촌동,카페,음료,4
신촌동,카페,분위기,5
신촌동,카페,디저트,6
신촌동,카페,공부,7
신촌동,카페,넓은,8
신촌동,카페,다양한,9
신촌동,카페,요거트,10
신촌동,중식,맛있는,1
신촌동,중식,마라탕,2
신촌동,중식,친절한,3
신촌동,중식,탕수육,4
신촌동,중식,짬뽕,5
신촌동,중식,깔끔한,6
신촌동,중식,국물,7
신촌동,중식,꼬치,8
신촌동,중식,신선한,9
신촌동,중식,깨끗한,10
신촌동,주점,맛있는,1
신촌동,주점,안주,2
신촌동,주점,친절한,3
신촌동,주점,분위기,4
신촌동,주점,가성비,5
신촌동,주점,다양한,6
신촌동,주점,칵테일,7
신촌동,주점,막걸리,8
신촌동,주점,단체,9
신촌동,주점,넓은,10
신촌동,일식,맛있는,1
신촌동,일식,친절한,2
신촌동,일식,초밥,3
신촌동,일식,혼밥,4
신촌동,일식,깔끔한,5
신촌동,일식,많은 양,6
신촌동,일식,돈까스,7
신촌동,일식,가성비,8
신촌동,일식,신선한,9
신촌동,일식,카레,10
신촌동,서양식,맛있는,1
신촌동,서양식,친절한,2
신촌동,서양식,분위기,3
신촌동,서양식,파스타,4
신촌동,서양식,가성비,5
신촌동,서양식,스테이크,6
신촌동,서양식,소스,7
신촌동,서양식,신선한,8
신촌동,서양식,인테리어,9
신촌동,서양식,친구,10
신촌동,분식,맛있는,1
신촌동,분식,떡볶이,2
신촌동,분식,김밥,3
신촌동,분식,친절한,4
신촌동,분식,가성비,5
신촌동,분식,재료,6
신촌동,분식,이대,7
신촌동,분식,혼밥,8
신촌동,분식,포장,9
신촌동,분식,다양한,10
신촌동,동남아시아,맛있는,1
신촌동,동남아시아,쌀국수,2
신촌동,동남아시아,가성비,3
신촌동,동남아시아,친절한,4
신촌동,동남아시아,세트,5
신촌동,동남아시아,맛집,6
신촌동,동남아시아,커리,7
신촌동,동남아시아,포장,8
신촌동,동남아시아,협소한,9
신촌동,동남아시아,현지,10
성수2가제3동,한식,맛있는,1
성수2가제3동,한식,친절한,2
성수2가제3동,한식,고기,3
성수2가제3동,한식,점심,4
성수2가제3동,한식,가성비,5
성수2가제3동,한식,반찬,6
성수2가제3동,한식,깔끔한,7
성수2가제3동,한식,신선한,8
성수2가제3동,한식,포장,9
성수2가제3동,한식,솥밥,10
성수2가제3동,패스트푸드,맛있는,1
성수2가제3동,패스트푸드,버거,2
성수2가제3동,패스트푸드,친절한,3
성수2가제3동,패스트푸드,피자,4
성수2가제3동,패스트푸드,도우,5
성수2가제3동,패스트푸드,깔끔한,6
성수2가제3동,패스트푸드,치킨,7
성수2가제3동,패스트푸드,파스타,8
성수2가제3동,패스트푸드,신선한,9
성수2가제3동,패스트푸드,분위기,10
성수2가제3동,카페,맛있는,1
성수2가제3동,카페,커피,2
성수2가제3동,카페,친절한,3
성수2가제3동,카페,디저트,4
성수2가제3동,카페,분위기,5
성수2가제3동,카페,라떼,6
성수2가제3동,카페,예쁜,7
성수2가제3동,카페,케이크,8
성수2가제3동,카페,인테리어,9
성수2가제3동,카페,소금빵,10
성수2가제3동,중식,맛있는,1
성수2가제3동,중식,짬뽕,2
성수2가제3동,중식,탕수육,3
성수2가제3동,중식,친절한,4
성수2가제3동,중식,짜장면,5
성수2가제3동,중식,점심,6
성수2가제3동,중식,간짜장,7
성수2가제3동,중식,깔끔한,8
성수2가제3동,중식,세트,9
성수2가제3동,중식,깨끗한,10
성수2가제3동,주점,맛있는,1
성수2가제3동,주점,분위기,2
성수2가제3동,주점,안주,3
성수2가제3동,주점,친절한,4
성수2가제3동,주점,술,5
성수2가제3동,주점,가성비,6
성수2가제3동,주점,음악,7
성수2가제3동,주점,칵테일,8
성수2가제3동,주점,하이볼,9
성수2가제3동,주점,힙한,10
성수2가제3동,일식,맛있는,1
성수2가제3동,일식,친절한,2
성수2가제3동,일식,우동,3
성수2가제3동,일식,가성비,4
성수2가제3동,일식,소바,5
성수2가제3동,일식,신선한,6
성수2가제3동,일식,라멘,7
성수2가제3동,일식,서비스,8
성수2가제3동,일식,분위기,9
성수2가제3동,일식,점심,10
성수2가제3동,서양식,맛있는,1
성수2가제3동,서양식,분위기,2
성수2가제3동,서양식,친절한,3
성수2가제3동,서양식,파스타,4
성수2가제3동,서양식,예약,5
성수2가제3동,서양식,와인,6
성수2가제3동,서양식,샐러드,7
성수2가제3동,서양식,인테리어,8
성수2가제3동,서양식,데이트,9
성수2가제3동,서양식,깔끔한,10
성수2가제3동,분식,맛있는,1
성수2가제3동,분식,친절한,2
성수2가제3동,분식,김밥,3
성수2가제3동,분식,점심,4
성수2가제3동,분식,가성비,5
성수2가제3동,분식,돈까스,6
성수2가제3동,분식,깔끔한,7
성수2가제3동,분식,떡볶이,8
성수2가제3동,분식,혼밥,9
성수2가제3동,분식,회사,10
성수2가제3동,동남아시아,맛있는,1
성수2가제3동,동남아시아,쌀국수,2
성수2가제3동,동남아시아,친절한,3
성수2가제3동,동남아시아,베트남,4
성수2가제3동,동남아시아,향,5
성수2가제3동,동남아시아,팟타이,6
성수2가제3동,동남아시아,커리,7
성수2가제3동,동남아시아,스테이크,8
성수2가제3동,동남아시아,서비스,9
성수2가제3동,동남아시아,반쎄오,10
성수2가제1동,한식,맛있는,1
성수2가제1동,한식,친절한,2
성수2가제1동,한식,가성비,3
성수2가제1동,한식,점심,4
성수2가제1동,한식,고기,5
성수2가제1동,한식,신선한,6
성수2가제1동,한식,깔끔한,7
성수2가제1동,한식,서비스,8
성수2가제1동,한식,자리,9
성수2가제1동,한식,깨끗한,10
성수2가제1동,패스트푸드,맛있는,1
성수2가제1동,패스트푸드,친절한,2
성수2가제1동,패스트푸드,치킨,3
성수2가제1동,패스트푸드,피자,4
성수2가제1동,패스트푸드,버거,5
성수2가제1동,패스트푸드,분위기,6
성수2가제1동,패스트푸드,패티,7
성수2가제1동,패스트푸드,후라이드,8
성수2가제1동,패스트푸드,힙한,9
성수2가제1동,패스트푸드,포장,10
성수2가제1동,카페,맛있는,1
성수2가제1동,카페,커피,2
성수2가제1동,카페,친절한,3
성수2가제1동,카페,예쁜,4
성수2가제1동,카페,분위기,5
성수2가제1동,카페,디저트,6
성수2가제1동,카페,가성비,7
성수2가제1동,카페,케이크,8
성수2가제1동,카페,인테리어,9
성수2가제1동,카페,원두,10
성수2가제1동,중식,맛있는,1
성수2가제1동,중식,탕수육,2
성수2가제1동,중식,짬뽕,3
성수2가제1동,중식,친절한,4
성수2가제1동,중식,매콤,5
성수2가제1동,중식,딤섬,6
성수2가제1동,중식,대만,7
성수2가제1동,중식,고급스러운,8
성수2가제1동,중식,점심,9
성수2가제1동,중식,빠른 배달,10
성수2가제1동,주점,맛있는,1
성수2가제1동,주점,친절한,2
성수2가제1동,주점,분위기,3
성수2가제1동,주점,안주,4
성수2가제1동,주점,다양한,5
성수2가제1동,주점,와인,6
성수2가제1동,주점,넓은,7
성수2가제1동,주점,데이트,8
성수2가제1동,주점,칵테일,9
성수2가제1동,주점,회식,10
성수2가제1동,일식,맛있는,1
성수2가제1동,일식,친절한,2
성수2가제1동,일식,다양한,3
성수2가제1동,일식,꼬치,4
성수2가제1동,일식,하이볼,5
성수2가제1동,일식,예약,6
성수2가제1동,일식,분위기,7
성수2가제1동,일식,데이트,8
성수2가제1동,일식,부담스러운,9
성수2가제1동,일식,포장,10
성수2가제1동,서양식,맛있는,1
성수2가제1동,서양식,분위기,2
성수2가제1동,서양식,친절한,3
성수2가제1동,서양식,파스타,4
성수2가제1동,서양식,와인,5
성수2가제1동,서양식,뇨끼,6
성수2가제1동,서양식,가성비,7
성수2가제1동,서양식,예쁜,8
성수2가제1동,서양식,스테이크,9
성수2가제1동,서양식,인테리어,10
성수2가제1동,분식,맛있는,1
성수2가제1동,분식,친절한,2
성수2가제1동,분식,가성비,3
성수2가제1동,분식,디저트,4
성수2가제1동,분식,만두,5
성수2가제1동,분식,신선한,6
성수2가제1동,분식,회사,7
성수2가제1동,분식,편한,8
성수2가제1동,분식,혼밥,9
성수2가제1동,분식,예쁜,10
성수2가제1동,동남아시아,맛있는,1
성수2가제1동,동남아시아,친절한,2
성수2가제1동,동남아시아,쌀국수,3
성수2가제1동,동남아시아,짜조,4
성수2가제1동,동남아시아,팟타이,5
성수2가제1동,동남아시아,깔끔한,6
성수2가제1동,동남아시아,베트남,7
성수2가제1동,동남아시아,점심,8
성수2가제1동,동남아시아,태국,9
성수2가제1동,동남아시아,인테리어,10
성수1가제2동,한식,맛있는,1
성수1가제2동,한식,친절한,2
성수1가제2동,한식,고기,3
성수1가제2동,한식,맛집,4
성수1가제2동,한식,점심,5
성수1가제2동,한식,사장님,6
성수1가제2동,한식,가성비,7
성수1가제2동,한식,깔끔한,8
성수1가제2동,한식,반찬,9
성수1가제2동,한식,다양한,10
성수1가제2동,패스트푸드,맛있는,1
성수1가제2동,패스트푸드,친절한,2
성수1가제2동,패스트푸드,피자,3
성수1가제2동,패스트푸드,매장,4
성수1가제2동,패스트푸드,치킨,5
성수1가제2동,패스트푸드,포장,6
성수1가제2동,패스트푸드,소스,7
성수1가제2동,패스트푸드,깔끔한,8
성수1가제2동,패스트푸드,바삭한,9
성수1가제2동,패스트푸드,배달,10
성수1가제2동,카페,맛있는,1
성수1가제2동,카페,커피,2
성수1가제2동,카페,친절한,3
성수1가제2동,카페,예쁜,4
성수1가제2동,카페,분위기,5
성수1가제2동,카페,라떼,6
성수1가제2동,카페,디저트,7
성수1가제2동,카페,케이크,8
성수1가제2동,카페,인테리어,9
성수1가제2동,카페,특별한,10
성수1가제2동,중식,맛있는,1
성수1가제2동,중식,짬뽕,2
성수1가제2동,중식,볶음밥,3
성수1가제2동,중식,만두,4
성수1가제2동,중식,훈둔면,5
성수1가제2동,중식,육즙,6
성수1가제2동,중식,점심,7
성수1가제2동,중식,키오스크,8
성수1가제2동,중식,신선한,9
성수1가제2동,중식,깔끔한,10
성수1가제2동,주점,맛있는,1
성수1가제2동,주점,친절한,2
성수1가제2동,주점,분위기,3
성수1가제2동,주점,안주,4
성수1가제2동,주점,와인,5
성수1가제2동,주점,다양한,6
성수1가제2동,주점,예쁜,7
성수1가제2동,주점,칵테일,8
성수1가제2동,주점,루프탑,9
성수1가제2동,주점,대화하기 좋은,10
성수1가제2동,일식,맛있는,1
성수1가제2동,일식,친절한,2
성수1가제2동,일식,우동,3
성수1가제2동,일식,깔끔한,4
성수1가제2동,일식,돈까스,5
성수1가제2동,일식,신선한,6
성수1가제2동,일식,고소하다,7
성수1가제2동,일식,가성비,8
성수1가제2동,일식,스시,9
성수1가제2동,일식,혼밥,10
성수1가제2동,서양식,맛있는,1
성수1가제2동,서양식,친절한,2
성수1가제2동,서양식,파스타,3
성수1가제2동,서양식,분위기,4
성수1가제2동,서양식,와인,5
성수1가제2동,서양식,스테이크,6
성수1가제2동,서양식,깔끔한,7
성수1가제2동,서양식,다양한,8
성수1가제2동,서양식,예쁜,9
성수1가제2동,서양식,친구,10
성수1가제2동,분식,맛있는,1
성수1가제2동,분식,김밥,2
성수1가제2동,분식,친절한,3
성수1가제2동,분식,떡볶이,4
성수1가제2동,분식,점심,5
성수1가제2동,분식,가성비,6
성수1가제2동,분식,깔끔한,7
성수1가제2동,분식,로제,8
성수1가제2동,분식,혼밥,9
성수1가제2동,분식,키오스크,10
성수1가제2동,동남아시아,맛있는,1
성수1가제2동,동남아시아,쌀국수,2
성수1가제2동,동남아시아,튀김,3
성수1가제2동,동남아시아,인테리어,4
성수1가제2동,동남아시아,깔끔한,5
성수1가제2동,동남아시아,친절한,6
성수1가제2동,동남아시아,푸짐한,7
성수1가제2동,동남아시아,현지,8
성수1가제2동,동남아시아,해장,9
성수1가제2동,동남아시아,점심,10
성수1가제1동,한식,맛있는,1
성수1가제1동,한식,친절한,2
성수1가제1동,한식,사장님,3
성수1가제1동,한식,깔끔한,4
성수1가제1동,한식,가성비,5
성수1가제1동,한식,고기,6
성수1가제1동,한식,신선한,7
성수1가제1동,한식,청결한,8
성수1가제1동,한식,한결같은,9
성수1가제1동,한식,해장,10
성수1가제1동,패스트푸드,맛있는,1
성수1가제1동,패스트푸드,친절한,2
성수1가제1동,패스트푸드,피자,3
성수1가제1동,패스트푸드,분위기,4
성수1가제1동,패스트푸드,버거,5
성수1가제1동,패스트푸드,맥주,6
성수1가제1동,패스트푸드,다양한,7
성수1가제1동,패스트푸드,패티,8
성수1가제1동,패스트푸드,치킨,9
성수1가제1동,패스트푸드,바삭한,10
성수1가제1동,카페,맛있는,1
성수1가제1동,카페,커피,2
성수1가제1동,카페,친절한,3
성수1가제1동,카페,넓은,4
성수1가제1동,카페,디저트,5
성수1가제1동,카페,분위기,6
성수1가제1동,카페,라떼,7
성수1가제1동,카페,케이크,8
성수1가제1동,카페,원두,9
성수1가제1동,카페,뷰,10
성수1가제1동,중식,맛있는,1
성수1가제1동,중식,친절한,2
성수1가제1동,중식,탕수육,3
성수1가제1동,중식,짜장면,4
성수1가제1동,중식,깔끔한,5
성수1가제1동,중식,짬뽕,6
성수1가제1동,중식,넓은,7
성수1가제1동,중식,주방,8
성수1가제1동,중식,만두,9
성수1가제1동,중식,저렴한,10
성수1가제1동,주점,맛있는,1
성수1가제1동,주점,분위기,2
성수1가제1동,주점,친절한,3
성수1가제1동,주점,와인,4
성수1가제1동,주점,안주,5
성수1가제1동,주점,다양한,6
성수1가제1동,주점,예약,7
성수1가제1동,주점,시끄러운,8
성수1가제1동,주점,지인,9
성수1가제1동,주점,화장실,10
성수1가제1동,일식,맛있는,1
성수1가제1동,일식,친절한,2
성수1가제1동,일식,깔끔한,3
성수1가제1동,일식,라멘,4
성수1가제1동,일식,분위기,5
성수1가제1동,일식,혼밥,6
성수1가제1동,일식,부드러운,7
성수1가제1동,일식,예약,8
성수1가제1동,일식,조용한,9
성수1가제1동,일식,친구,10
성수1가제1동,서양식,맛있는,1
성수1가제1동,서양식,친절한,2
성수1가제1동,서양식,와인,3
성수1가제1동,서양식,분위기,4
성수1가제1동,서양식,파스타,5
성수1가제1동,서양식,예쁜,6
성수1가제1동,서양식,부리또,7
성수1가제1동,서양식,창가,8
성수1가제1동,서양식,주말,9
성수1가제1동,서양식,친구,10
성수1가제1동,분식,맛있는,1
성수1가제1동,분식,김밥,2
성수1가제1동,분식,주문,3
성수1가제1동,분식,깔끔한,4
성수1가제1동,분식,라면,5
성수1가제1동,분식,떡볶이,6
성수1가제1동,분식,동네,7
성수1가제1동,분식,친절한,8
성수1가제1동,분식,신선한,9
성수1가제1동,분식,점심,10
성수1가제1동,동남아시아,맛있는,1
성수1가제1동,동남아시아,쌀국수,2
성수1가제1동,동남아시아,친절한,3
성수1가제1동,동남아시아,넓은,4
성수1가제1동,동남아시아,아쉬운,5
성수1가제1동,동남아시아,더러운,6
성수1가제1동,동남아시아,따뜻한,7
성수1가제1동,동남아시아,반미,8
성수1가제1동,동남아시아,똠양꿍,9
성수1가제1동,동남아시아,브레이크타임,10
삼청동,한식,맛있는,1
삼청동,한식,반찬,2
삼청동,한식,친절한,3
삼청동,한식,고기,4
삼청동,한식,깔끔한,5
삼청동,한식,떡갈비,6
삼청동,한식,예약,7
삼청동,한식,추가,8
삼청동,한식,막걸리,9
삼청동,한식,건강한,10
삼청동,패스트푸드,친절한,1
삼청동,패스트푸드,맛있는,2
삼청동,패스트푸드,소스,3
삼청동,패스트푸드,감자칩,4
삼청동,패스트푸드,인테리어,5
삼청동,패스트푸드,깔끔한,6
삼청동,패스트푸드,바베큐,7
삼청동,패스트푸드,바삭한,8
삼청동,패스트푸드,독특한,9
삼청동,패스트푸드,넓은,10
삼청동,카페,맛있는,1
삼청동,카페,커피,2
삼청동,카페,친절한,3
삼청동,카페,분위기,4
삼청동,카페,인테리어,5
삼청동,카페,빙수,6
삼청동,카페,예쁜,7
삼청동,카페,차,8
삼청동,카페,자리,9
삼청동,카페,뷰,10
삼청동,중식,맛있는,1
삼청동,중식,탕수육,2
삼청동,중식,추가,3
삼청동,중식,코스,4
삼청동,중식,짬뽕,5
삼청동,중식,짜장면,6
삼청동,중식,예약,7
삼청동,중식,비싼,8
삼청동,중식,모임,9
삼청동,중식,단체,10
삼청동,주점,분위기,1
삼청동,주점,맛있는,2
삼청동,주점,맥주,3
삼청동,주점,다양한,4
삼청동,주점,와인,5
삼청동,주점,안주,6
삼청동,주점,쌀국수,7
삼청동,주점,칵테일,8
삼청동,주점,재즈,9
삼청동,주점,음악,10
삼청동,일식,맛있는,1
삼청동,일식,돈코츠,2
삼청동,일식,차슈,3
삼청동,일식,스시,4
삼청동,일식,쉐프,5
삼청동,일식,분위기,6
삼청동,일식,부드러운,7
삼청동,일식,저녁,8
삼청동,일식,매운,9
삼청동,일식,점심,10
삼청동,서양식,맛있는,1
삼청동,서양식,친절한,2
삼청동,서양식,분위기,3
삼청동,서양식,파스타,4
삼청동,서양식,스테이크,5
삼청동,서양식,비싼,6
삼청동,서양식,요리,7
삼청동,서양식,예약,8
삼청동,서양식,주문,9
삼청동,서양식,코스,10
삼청동,분식,맛있는,1
삼청동,분식,친절한,2
삼청동,분식,김밥,3
삼청동,분식,매운,4
삼청동,분식,특이한,5
삼청동,분식,테라스,6
삼청동,분식,오뎅,7
삼청동,분식,냉면,8
삼청동,분식,라면,9
삼청동,분식,테이블,10
삼청동,동남아시아,분위기,1
삼청동,동남아시아,맛있는,2
삼청동,동남아시아,스테이크,3
삼청동,동남아시아,가성비,4
삼청동,동남아시아,특별한,5
삼청동,동남아시아,코스,6
삼청동,동남아시아,친절한,7
삼청동,동남아시아,저렴한,8
삼청동,동남아시아,요리,9
삼청동,동남아시아,예약,10
가회동,한식,맛있는,1
가회동,한식,친절한,2
가회동,한식,반찬,3
가회동,한식,고기,4
가회동,한식,깔끔한,5
가회동,한식,많은 양,6
가회동,한식,볶음밥,7
가회동,한식,정갈한,8
가회동,한식,막걸리,9
가회동,한식,엄마,10
가회동,패스트푸드,맛있는,1
가회동,패스트푸드,피자,2
가회동,패스트푸드,분위기,3
가회동,패스트푸드,베이컨,4
가회동,패스트푸드,버거,5
가회동,패스트푸드,신선한,6
가회동,패스트푸드,파스타,7
가회동,패스트푸드,화덕,8
가회동,패스트푸드,친절한,9
가회동,패스트푸드,웨이팅,10
가회동,카페,맛있는,1
가회동,카페,커피,2
가회동,카페,분위기,3
가회동,카페,친절한,4
가회동,카페,예쁜,5
가회동,카페,디저트,6
가회동,카페,비싼,7
가회동,카페,스콘,8
가회동,카페,조용한,9
가회동,카페,웨이팅,10
가회동,중식,혼밥,1
가회동,중식,친절한,2
가회동,중식,재료,3
가회동,중식,신선한,4
가회동,중식,맛있는,5
가회동,중식,모임,6
가회동,중식,넓은,7
가회동,중식,가성비,8
가회동,중식,빠른,9
가회동,중식,매운,10
가회동,주점,맛있는,1
가회동,주점,안주,2
가회동,주점,좁은,3
가회동,주점,토닉,4
가회동,주점,조용한,5
가회동,주점,분위기,6
가회동,주점,디저트,7
가회동,주점,치즈,8
가회동,주점,저렴한,9
가회동,주점,위스키,10
가회동,일식,맛있는,1
가회동,일식,돈까스,2
가회동,일식,친절한,3
가회동,일식,안심,4
가회동,일식,특별한,5
가회동,일식,바삭한,6
가회동,일식,바쁜,7
가회동,일식,모밀,8
가회동,일식,예쁜,9
가회동,일식,깔끔한,10
가회동,서양식,맛있는,1
가회동,서양식,친절한,2
가회동,서양식,특별한,3
가회동,서양식,세트,4
가회동,서양식,저녁,5
가회동,서양식,주문,6
가회동,서양식,예약,7
가회동,서양식,스테이크,8
가회동,서양식,분위기,9
가회동,서양식,뷰,10
가회동,분식,맛있는,1
가회동,분식,김밥,2
가회동,분식,혼밥,3
가회동,분식,손잡이,4
가회동,분식,아침,5
가회동,분식,깔끔한,6
가회동,분식,정갈한,7
가회동,분식,종류,8
가회동,분식,신경질,9
가회동,분식,아쉬운,10
가회동,동남아시아,맛있는,1
가회동,동남아시아,볶음밥,2
가회동,동남아시아,커리,3
가회동,동남아시아,팟타이,4
가회동,동남아시아,현지,5
가회동,동남아시아,지하,6
가회동,동남아시아,아쉬운,7
가회동,동남아시아,쌀국수,8
가회동,동남아시아,저렴한,9
가회동,동남아시아,베트남,10
