행정동,업종,키워드,카운트
가회동,동남아시아,가지튀김,1
가회동,동남아시아,꽃게,1
가회동,동남아시아,달다,1
가회동,동남아시아,만족하는,1
가회동,동남아시아,맛있는,3
가회동,동남아시아,맛있는 음식,1
가회동,동남아시아,맛있는 팟타이,1
가회동,동남아시아,면,1
가회동,동남아시아,물가,1
가회동,동남아시아,반미,1
가회동,동남아시아,베트남,1
가회동,동남아시아,볶음밥,2
가회동,동남아시아,사장님,1
가회동,동남아시아,새우,1
가회동,동남아시아,쌀국수,1
가회동,동남아시아,아쉬운,1
가회동,동남아시아,운영되는,1
가회동,동남아시아,웨이팅,1
가회동,동남아시아,주말,1
가회동,동남아시아,짠,1
가회동,동남아시아,커리,2
가회동,동남아시아,큰,1
가회동,동남아시아,태국,1
가회동,동남아시아,팟타이,2
가회동,동남아시아,환기,1
가회동,분식,가성비,3
가회동,분식,간단하게 먹는,1
가회동,분식,고추장,1
가회동,분식,관광객,1
가회동,분식,기름,1
가회동,분식,김밥,4
가회동,분식,깔끔한,1
가회동,분식,깨끗한,1
가회동,분식,꼬다리,1
가회동,분식,내장,1
가회동,분식,단무지,1
가회동,분식,당근,1
가회동,분식,동네,1
가회동,분식,된장찌개,1
가회동,분식,떡볶이,1
가회동,분식,라면,2
가회동,분식,마스크,1
가회동,분식,맛있는,3
가회동,분식,맛있는 김밥,1
가회동,분식,별로,1
가회동,분식,분식점,1
가회동,분식,불친절한,1
가회동,분식,사장님,1
가회동,분식,소풍,1
가회동,분식,손님,1
가회동,분식,참치김밥,1
가회동,분식,친절한,1
가회동,분식,큰,1
가회동,분식,튀김,1
가회동,분식,햄,1
가회동,분식,혼밥,2
가회동,서양식,가까운,1
가회동,서양식,가볍게,1
가회동,서양식,가성비,2
가회동,서양식,가성비 좋은,1
가회동,서양식,갈비,3
가회동,서양식,고기,1
가회동,서양식,귀여운,1
가회동,서양식,기다림,1
가회동,서양식,기대한,1
가회동,서양식,나이스,1
가회동,서양식,달라진,1
가회동,서양식,대화,1
가회동,서양식,대화하기 좋은,1
가회동,서양식,돈까스,1
가회동,서양식,둘이서,1
가회동,서양식,등심,1
가회동,서양식,레귤러,1
가회동,서양식,로맨틱,1
가회동,서양식,맛있는,9
가회동,서양식,맛집,1
가회동,서양식,매운,1
가회동,서양식,배부른,2
가회동,서양식,부드러운,1
가회동,서양식,분위기,3
가회동,서양식,불편한,1
가회동,서양식,뷰,1
가회동,서양식,사장님,2
가회동,서양식,샐러드,1
가회동,서양식,서비스,1
가회동,서양식,서빙,1
가회동,서양식,세트,2
가회동,서양식,소스,2
가회동,서양식,스테이크,1
가회동,서양식,스프,1
가회동,서양식,아쉬운,2
가회동,서양식,안주,1
가회동,서양식,양파스프,1
가회동,서양식,어두운,1
가회동,서양식,연말,1
가회동,서양식,예쁜,1
가회동,서양식,오므라이스,1
가회동,서양식,와인,1
가회동,서양식,요리,1
가회동,서양식,웨이팅,1
가회동,서양식,인테리어,2
가회동,서양식,작은,1
가회동,서양식,저녁,1
가회동,서양식,적다,1
가회동,서양식,적당한,1
가회동,서양식,점심,1
가회동,서양식,조명,1
가회동,서양식,좋은 분위기,1
가회동,서양식,즐기는,1
가회동,서양식,추천하는,1
가회동,서양식,치즈,1
가회동,서양식,친구랑,2
가회동,서양식,친절한,7
가회동,서양식,카레,1
가회동,서양식,케이크,1
가회동,서양식,코스,1
가회동,서양식,크림,1
가회동,서양식,타코,1
가회동,서양식,테이블,1
가회동,서양식,특별한,2
가회동,서양식,파스타,3
가회동,서양식,파히타,1
가회동,서양식,피자,1
가회동,서양식,협소한,1
가회동,서양식,호랑이,1
가회동,서양식,혼밥,1
가회동,서양식,후식,1
가회동,일식,가까운,1
가회동,일식,국물,1
가회동,일식,굴,1
가회동,일식,기다림,1
가회동,일식,깔끔한,1
가회동,일식,꼬막비빔밥,1
가회동,일식,넓은,1
가회동,일식,뇨끼,1
가회동,일식,느린,1
가회동,일식,단계,1
가회동,일식,담백한,1
가회동,일식,돈까스,1
가회동,일식,동네,1
가회동,일식,동네 맛집,1
가회동,일식,두툼한,1
가회동,일식,등심,1
가회동,일식,딱딱한,1
가회동,일식,라멘,1
가회동,일식,맛있는,6
가회동,일식,맛있는 먹다,1
가회동,일식,맛집,3
가회동,일식,매운,1
가회동,일식,머리카락 나오다,1
가회동,일식,면,1
가회동,일식,무한리필,1
가회동,일식,밥,1
가회동,일식,배부른,1
가회동,일식,부드러운,2
가회동,일식,분위기,1
가회동,일식,불쾌한,1
가회동,일식,불편한,1
가회동,일식,비꼬다,1
가회동,일식,사시미,1
가회동,일식,사장님,2
가회동,일식,소금,1
가회동,일식,소스,2
가회동,일식,신선한,1
가회동,일식,아늑한,1
가회동,일식,안심,1
가회동,일식,안주,1
가회동,일식,오래된,1
가회동,일식,외부,1
가회동,일식,웨이팅,2
가회동,일식,인테리어,1
가회동,일식,재방문,1
가회동,일식,점심,1
가회동,일식,조용한,1
가회동,일식,좋은 분위기,1
가회동,일식,청결한,1
가회동,일식,초밥,1
가회동,일식,친절한,2
가회동,일식,카레,1
가회동,일식,큰,1
가회동,일식,파스타,1
가회동,일식,포장,1
가회동,일식,해물탕,1
가회동,일식,혼밥,1
가회동,일식,후토마끼,1
가회동,주점,가성비,1
가회동,주점,감안,1
가회동,주점,감자,1
가회동,주점,고요한,1
가회동,주점,골든에일,1
가회동,주점,공간,2
가회동,주점,기네스,1
가회동,주점,깔끔한,2
가회동,주점,깨끗한,1
가회동,주점,넓은,1
가회동,주점,다양한,1
가회동,주점,단골,1
가회동,주점,단체,1
가회동,주점,데이트,2
가회동,주점,딱딱한,1
가회동,주점,떡튀김,1
가회동,주점,만족하는,1
가회동,주점,많은 사람,1
가회동,주점,맛있는,5
가회동,주점,매니저,1
가회동,주점,맥주,1
가회동,주점,물가,1
가회동,주점,바나나,1
가회동,주점,바나나푸딩,1
가회동,주점,바베큐,1
가회동,주점,복잡한,1
가회동,주점,분위기,5
가회동,주점,불편한,1
가회동,주점,비올,1
가회동,주점,비율,1
가회동,주점,빵,2
가회동,주점,사장님,2
가회동,주점,샐러드,1
가회동,주점,생맥주,1
가회동,주점,설레는,1
가회동,주점,섭섭하다,1
가회동,주점,센스,1
가회동,주점,손님,1
가회동,주점,숯불,1
가회동,주점,아쉬운,2
가회동,주점,안주,1
가회동,주점,알려진,1
가회동,주점,예쁜,1
가회동,주점,와인,1
가회동,주점,위스키,1
가회동,주점,음악,1
가회동,주점,인테리어,1
가회동,주점,조용한,1
가회동,주점,좌석,1
가회동,주점,직원,1
가회동,주점,치맥,1
가회동,주점,치킨,1
가회동,주점,친절한,3
가회동,주점,커피,3
가회동,주점,편안한,3
가회동,주점,푸딩,1
가회동,주점,한옥,1
가회동,주점,한잔,1
가회동,주점,한치,1
가회동,주점,향,1
가회동,중식,가성비,1
가회동,중식,넓은,1
가회동,중식,라면,1
가회동,중식,맛있는,1
가회동,중식,매운,1
가회동,중식,모임,1
가회동,중식,분위기,1
가회동,중식,삼선짬뽕,1
가회동,중식,신선한,1
가회동,중식,중국집,1
가회동,카페,10년,1
가회동,카페,가성비,5
가회동,카페,가성비 좋은,2
가회동,카페,간단하게 먹는,1
가회동,카페,간식,1
가회동,카페,갈증,1
가회동,카페,감성,1
가회동,카페,감자튀김,1
가회동,카페,건강한,1
가회동,카페,계란,1
가회동,카페,고급스러운,2
가회동,카페,고소한,1
가회동,카페,고양이,1
가회동,카페,고추,1
가회동,카페,고추 쿠키,1
가회동,카페,공간,5
가회동,카페,과일주스,1
가회동,카페,구경하는 재미,1
가회동,카페,귀여운,7
가회동,카페,귀여운 공간,1
가회동,카페,귀여운 직원,1
가회동,카페,귀여운 쿠키,1
가회동,카페,그릭요거트,1
가회동,카페,그린마일라떼,1
가회동,카페,기다림,2
가회동,카페,기대한,1
가회동,카페,깔끔한,3
가회동,카페,깔끔한 인테리어,1
가회동,카페,난방,1
가회동,카페,낮술,1
가회동,카페,내부 인테리어,1
가회동,카페,넉넉한 공간,1
가회동,카페,노래,1
가회동,카페,녹차,1
가회동,카페,다양한,6
가회동,카페,다양한 맛,1
가회동,카페,다쿠아즈,1
가회동,카페,달다,2
가회동,카페,담백한,1
가회동,카페,대기,1
가회동,카페,대화,1
가회동,카페,더위,1
가회동,카페,더치커피,1
가회동,카페,도넛,2
가회동,카페,도토리,1
가회동,카페,두꺼운,1
가회동,카페,디저트,7
가회동,카페,따뜻한,3
가회동,카페,딸기,5
가회동,카페,딸기에이드,1
가회동,카페,딸기주스,1
가회동,카페,라떼,2
가회동,카페,라면,1
가회동,카페,라우겐,1
가회동,카페,라우겐 크루아상,1
가회동,카페,레몬,1
가회동,카페,레몬 타르트,1
가회동,카페,레몬티라미수,1
가회동,카페,레이어드,1
가회동,카페,레트로,1
가회동,카페,루벤,1
가회동,카페,루프탑,1
가회동,카페,마들렌,1
가회동,카페,마음,1
가회동,카페,마카롱,3
가회동,카페,만원,1
가회동,카페,만족하는,1
가회동,카페,많은 사람,1
가회동,카페,맛있는,52
가회동,카페,맛있는 라떼,3
가회동,카페,맛있는 버블티,1
가회동,카페,맛있는 빵,1
가회동,카페,맛있는 생과일주스,1
가회동,카페,맛있는 커피,5
가회동,카페,맛있는 쿠키,1
가회동,카페,맛있는 푸딩,1
가회동,카페,맛집,9
가회동,카페,맥주,2
가회동,카페,머랭,1
가회동,카페,멋진,1
가회동,카페,면,1
가회동,카페,목요일,1
가회동,카페,묵직한,1
가회동,카페,문인,1
가회동,카페,밀크티,3
가회동,카페,바뀐,1
가회동,카페,바삭한,1
가회동,카페,바이크,1
가회동,카페,반대쪽,1
가회동,카페,발견한,1
가회동,카페,발효,1
가회동,카페,밤라떼,1
가회동,카페,방앗간,1
가회동,카페,배신,1
가회동,카페,버블티,1
가회동,카페,버터,2
가회동,카페,버터크림라떼,1
가회동,카페,베이글,1
가회동,카페,베이스,1
가회동,카페,베이커리,1
가회동,카페,별로,1
가회동,카페,부드러운,3
가회동,카페,분위기,20
가회동,카페,불편한,1
가회동,카페,붕어빵,1
가회동,카페,뷰,3
가회동,카페,블루마운틴,1
가회동,카페,비싼,4
가회동,카페,빙수,1
가회동,카페,빛,1
가회동,카페,빵,9
가회동,카페,사내커피숍,1
가회동,카페,사블레,1
가회동,카페,사장님,5
가회동,카페,사진,1
가회동,카페,산책,1
가회동,카페,상큼한,1
가회동,카페,샌드위치,4
가회동,카페,샐러드,1
가회동,카페,생초콜릿,1
가회동,카페,서점,1
가회동,카페,설명,2
가회동,카페,세트,1
가회동,카페,소금빵,3
가회동,카페,소금집,1
가회동,카페,수요미식회,1
가회동,카페,수제,1
가회동,카페,쉼,1
가회동,카페,스콘,2
가회동,카페,스타일,1
가회동,카페,스탠딩바,1
가회동,카페,시그니처,1
가회동,카페,시나몬,1
가회동,카페,식감,1
가회동,카페,신선한,1
가회동,카페,신청,1
가회동,카페,싱거운,2
가회동,카페,싱거운 아이스라떼,1
가회동,카페,싼 가격,1
가회동,카페,쌀,1
가회동,카페,아기자기한,2
가회동,카페,아메리카노,3
가회동,카페,아쉬운,2
가회동,카페,아이스 더치커피,1
가회동,카페,아이스라떼,1
가회동,카페,아이스크림,1
가회동,카페,아이스크림 전문점,1
가회동,카페,아인슈페너,3
가회동,카페,아저씨,1
가회동,카페,애플파이,1
가회동,카페,양탕국,1
가회동,카페,어니언,1
가회동,카페,어색한,1
가회동,카페,어우러지는,1
가회동,카페,어울리는,1
가회동,카페,언덕길,1
가회동,카페,엄마랑,1
가회동,카페,에그타르트,1
가회동,카페,에비앙,1
가회동,카페,에스프레소,2
가회동,카페,예쁜,14
가회동,카페,오래된,1
가회동,카페,오미자차,2
가회동,카페,오설록,1
가회동,카페,옥상,1
가회동,카페,올리브,1
가회동,카페,와인,1
가회동,카페,외국인,2
가회동,카페,외부,1
가회동,카페,요거트,2
가회동,카페,우유생크림,1
가회동,카페,원두,1
가회동,카페,웨이팅,6
가회동,카페,유명한,2
가회동,카페,율무크림라떼,1
가회동,카페,음악,3
가회동,카페,이야기,1
가회동,카페,인상적인,1
가회동,카페,인테리어,12
가회동,카페,자리,5
가회동,카페,작은,1
가회동,카페,잔,1
가회동,카페,잠봉뵈르,1
가회동,카페,장소,2
가회동,카페,재방문,1
가회동,카페,저녁,1
가회동,카페,저렴한,4
가회동,카페,저렴한 가격,1
가회동,카페,점심,1
가회동,카페,접근성,1
가회동,카페,젤라또,1
가회동,카페,조용한,5
가회동,카페,존맛,1
가회동,카페,종류,5
가회동,카페,좋은 가격,1
가회동,카페,좋은 분위기,1
가회동,카페,좋은 뷰,1
가회동,카페,좋은 접근성,1
가회동,카페,주변,1
가회동,카페,줄,1
가회동,카페,즐기는,1
가회동,카페,지인,1
가회동,카페,직원,3
가회동,카페,직접,2
가회동,카페,차,4
가회동,카페,차갑다,1
가회동,카페,차분한,1
가회동,카페,찰떡,1
가회동,카페,찰떡 콩떡,1
가회동,카페,창가,1
가회동,카페,창덕궁,2
가회동,카페,창덕궁 뷰,1
가회동,카페,초코,4
가회동,카페,초코쿠키,1
가회동,카페,초콜릿,1
가회동,카페,추억,2
가회동,카페,추운,1
가회동,카페,추천하는,3
가회동,카페,취향,1
가회동,카페,치아바타,1
가회동,카페,치즈,4
가회동,카페,치즈쿠키,1
가회동,카페,친절한,30
가회동,카페,친절한 사장님,2
가회동,카페,칵테일,4
가회동,카페,캔디,1
가회동,카페,커피,28
가회동,카페,커피 품격,1
가회동,카페,커피숍,1
가회동,카페,케이크,6
가회동,카페,코코넛,1
가회동,카페,콜드브루,1
가회동,카페,콩,1
가회동,카페,콩떡,1
가회동,카페,쾌적한,1
가회동,카페,쿠키,3
가회동,카페,크럼블,1
가회동,카페,크루아상,1
가회동,카페,크림,3
가회동,카페,큰,4
가회동,카페,타르트,2
가회동,카페,테라스,1
가회동,카페,테이블,1
가회동,카페,테이블링,1
가회동,카페,테이크아웃,1
가회동,카페,특이한,1
가회동,카페,티라미수,1
가회동,카페,파운드,3
가회동,카페,팝송,1
가회동,카페,편안한,3
가회동,카페,포장,4
가회동,카페,푸딩,1
가회동,카페,품격,1
가회동,카페,프레첼,1
가회동,카페,프레첼 머랭,1
가회동,카페,필링,2
가회동,카페,하트 쿠키,1
가회동,카페,한옥,2
가회동,카페,한옥카페,1
가회동,카페,한잔,1
가회동,카페,한적한,1
가회동,카페,핫도그,1
가회동,카페,향,2
가회동,카페,현대건설,1
가회동,카페,현미,1
가회동,카페,협소한,1
가회동,카페,황치즈쿠키,1
가회동,카페,흑임자,1
가회동,패스트푸드,가지튀김,1
가회동,패스트푸드,갈릭,1
가회동,패스트푸드,감자튀김,2
가회동,패스트푸드,건강한,2
가회동,패스트푸드,고소한,1
가회동,패스트푸드,기다림,1
가회동,패스트푸드,깔끔한,1
가회동,패스트푸드,낮술,1
가회동,패스트푸드,넓은,1
가회동,패스트푸드,노티드 옆,1
가회동,패스트푸드,단체,1
가회동,패스트푸드,담백한,1
가회동,패스트푸드,대기,1
가회동,패스트푸드,덕후,1
가회동,패스트푸드,도우,2
가회동,패스트푸드,루꼴라,1
가회동,패스트푸드,맛있는,10
가회동,패스트푸드,맛있는 양념 소스,1
가회동,패스트푸드,맛집,1
가회동,패스트푸드,바삭한,1
가회동,패스트푸드,반죽,1
가회동,패스트푸드,방울,1
가회동,패스트푸드,버거,2
가회동,패스트푸드,베이스,1
가회동,패스트푸드,베이컨,1
가회동,패스트푸드,별로,1
가회동,패스트푸드,별미,1
가회동,패스트푸드,부드러운,1
가회동,패스트푸드,분위기,2
가회동,패스트푸드,붕어빵,1
가회동,패스트푸드,블루,1
가회동,패스트푸드,새로운,1
가회동,패스트푸드,샐러드,3
가회동,패스트푸드,소스,1
가회동,패스트푸드,소프트아이스크림,1
가회동,패스트푸드,손님,1
가회동,패스트푸드,신선한,2
가회동,패스트푸드,아늑한,1
가회동,패스트푸드,아보카도,1
가회동,패스트푸드,아이스크림,1
가회동,패스트푸드,어울리는,1
가회동,패스트푸드,업그레이드,1
가회동,패스트푸드,예쁜,2
가회동,패스트푸드,옛날,2
가회동,패스트푸드,옛날 치킨집,1
가회동,패스트푸드,오픈샌드위치,1
가회동,패스트푸드,웨이팅,2
가회동,패스트푸드,인테리어,1
가회동,패스트푸드,재료,1
가회동,패스트푸드,적다,1
가회동,패스트푸드,정겨운,1
가회동,패스트푸드,좋은 호프 집,1
가회동,패스트푸드,쫄깃한,2
가회동,패스트푸드,추천하는,2
가회동,패스트푸드,충분하다,1
가회동,패스트푸드,치즈,1
가회동,패스트푸드,치킨,2
가회동,패스트푸드,친절한,8
가회동,패스트푸드,침스,1
가회동,패스트푸드,커피,1
가회동,패스트푸드,크림,1
가회동,패스트푸드,테이블링,1
가회동,패스트푸드,파스타,3
가회동,패스트푸드,팥,1
가회동,패스트푸드,패티,2
가회동,패스트푸드,푸짐한,1
가회동,패스트푸드,프레첼,1
가회동,패스트푸드,피자,4
가회동,패스트푸드,핀잔주는,1
가회동,패스트푸드,햄버거,2
가회동,패스트푸드,호프집,2
가회동,패스트푸드,화덕 피자,1
가회동,한식,11000원,2
가회동,한식,12000원,1
가회동,한식,가격대비 훌륭한,1
가회동,한식,가볍게,1
가회동,한식,가성비,5
가회동,한식,가성비 좋은,2
가회동,한식,간단하게 먹는,2
가회동,한식,간이 안 된,1
가회동,한식,갈비,2
가회동,한식,갈비살,1
가회동,한식,갈비찜,1
가회동,한식,갈비탕,2
가회동,한식,감자전,1
가회동,한식,감탄 나오는,1
가회동,한식,강추,1
가회동,한식,건강한,3
가회동,한식,건강한 한끼,1
가회동,한식,겨울,1
가회동,한식,경치,1
가회동,한식,계란,1
가회동,한식,계란말이,2
가회동,한식,계란찜,1
가회동,한식,고급,1
가회동,한식,고기,14
가회동,한식,고깃집,1
가회동,한식,고소한,1
가회동,한식,고수,1
가회동,한식,곰탕,1
가회동,한식,곱빼기,1
가회동,한식,곱창,1
가회동,한식,관광지,1
가회동,한식,구절판,1
가회동,한식,국물,10
가회동,한식,국물 맛,1
가회동,한식,국밥,2
가회동,한식,국밥집,1
가회동,한식,국수,1
가회동,한식,궁금한,1
가회동,한식,궁시렁거리는,1
가회동,한식,금가루,1
가회동,한식,금액,1
가회동,한식,기다림,1
가회동,한식,김치,4
가회동,한식,김치만두,1
가회동,한식,김치찌개,1
가회동,한식,김치찜,1
가회동,한식,깔끔한,9
가회동,한식,꼬막,1
가회동,한식,꼬치,1
가회동,한식,끈적한,1
가회동,한식,끓여먹는,1
가회동,한식,낙지,2
가회동,한식,낙지 볶음,1
가회동,한식,남자친구,1
가회동,한식,냉면,2
가회동,한식,넓지 않은,1
가회동,한식,노상,1
가회동,한식,느끼한,2
가회동,한식,단맛,1
가회동,한식,단체,1
가회동,한식,닭계장,1
가회동,한식,닭볶음탕,1
가회동,한식,담백한,2
가회동,한식,대기,1
가회동,한식,대접받는 느낌,1
가회동,한식,대파,1
가회동,한식,더운,1
가회동,한식,도둑,1
가회동,한식,도시락,1
가회동,한식,도전,1
가회동,한식,돌솥비빔밥,1
가회동,한식,동네,1
가회동,한식,동네 맛집,1
가회동,한식,동료,1
가회동,한식,돼지불백,1
가회동,한식,된장찌개,2
가회동,한식,두번째,1
가회동,한식,두부,1
가회동,한식,두부전골,1
가회동,한식,두툼한,1
가회동,한식,들깨,1
가회동,한식,디저트,1
가회동,한식,따뜻한,3
가회동,한식,따뜻한 국물,1
가회동,한식,떡복,1
가회동,한식,떡볶이,2
가회동,한식,라면,2
가회동,한식,로봇,1
가회동,한식,리필,1
가회동,한식,마스크,1
가회동,한식,마음,1
가회동,한식,마음 편안한,1
가회동,한식,막걸리,4
가회동,한식,막창,1
가회동,한식,만두,2
가회동,한식,만원,1
가회동,한식,만족하는,5
가회동,한식,맛없는,1
가회동,한식,맛있는,45
가회동,한식,맛있는 계란말이,1
가회동,한식,맛있는 곰탕,1
가회동,한식,맛있는 순대,1
가회동,한식,맛집,8
가회동,한식,매운,5
가회동,한식,매콤한,1
가회동,한식,맥주,1
가회동,한식,멋진,1
가회동,한식,면,1
가회동,한식,명성,1
가회동,한식,모듬전,1
가회동,한식,모래,1
가회동,한식,모임,3
가회동,한식,몸보신,2
가회동,한식,무생채,1
가회동,한식,묵은지,1
가회동,한식,문어튀김,1
가회동,한식,미나리전,1
가회동,한식,바뀐,1
가회동,한식,바위,1
가회동,한식,바지락,1
가회동,한식,반찬,9
가회동,한식,반찬 맛있는,1
가회동,한식,반찬 친절한,1
가회동,한식,발견한,1
가회동,한식,밥,6
가회동,한식,배부른,3
가회동,한식,백반,1
가회동,한식,별미,1
가회동,한식,보리밥,1
가회동,한식,보리전,1
가회동,한식,보쌈,2
가회동,한식,볶음,1
가회동,한식,볶음밥,1
가회동,한식,부담스러운,1
가회동,한식,부대찌개,1
가회동,한식,부드러운,2
가회동,한식,부모님,1
가회동,한식,부실한,2
가회동,한식,부족한,2
가회동,한식,부추,1
가회동,한식,분위기,3
가회동,한식,불고기,1
가회동,한식,불다,1
가회동,한식,불맛,1
가회동,한식,불지옥쭈꾸미,1
가회동,한식,불친절한,3
가회동,한식,불편한,1
가회동,한식,뷰,2
가회동,한식,비건,1
가회동,한식,비빔국수,1
가회동,한식,비빔냉면,1
가회동,한식,비빔면,1
가회동,한식,비빔밥,2
가회동,한식,비싼,2
가회동,한식,비싼 가격,1
가회동,한식,비즈니스,1
가회동,한식,빠른,1
가회동,한식,뻔한,1
가회동,한식,사리,3
가회동,한식,사장님,9
가회동,한식,사진,4
가회동,한식,삼계탕,3
가회동,한식,새로운,1
가회동,한식,생강차,1
가회동,한식,생선,1
가회동,한식,샤브샤브,1
가회동,한식,서비스,1
가회동,한식,서울,1
가회동,한식,서울 북촌 쪽,1
가회동,한식,석쇠,1
가회동,한식,설렁탕,1
가회동,한식,설렁탕 국물,1
가회동,한식,설명,4
가회동,한식,세트,1
가회동,한식,소갈비,1
가회동,한식,소스,1
가회동,한식,소진,1
가회동,한식,솜씨,1
가회동,한식,솥밥,2
가회동,한식,순대국,2
가회동,한식,술집,1
가회동,한식,스타일,1
가회동,한식,슴슴한,1
가회동,한식,시원한,2
가회동,한식,신기한,1
가회동,한식,신선한,5
가회동,한식,실망,1
가회동,한식,싱싱한,1
가회동,한식,쌈밥,2
가회동,한식,아구찜,1
가회동,한식,아빠,1
가회동,한식,아쉬운,1
가회동,한식,아저씨,1
가회동,한식,안주,1
가회동,한식,알밥,1
가회동,한식,애호박찌개,1
가회동,한식,야들야들하다,1
가회동,한식,약과,1
가회동,한식,양,6
가회동,한식,양념,2
가회동,한식,양배추,1
가회동,한식,양파,1
가회동,한식,어르신,1
가회동,한식,어버이날,1
가회동,한식,언제나,1
가회동,한식,여름,1
가회동,한식,연잎밥,1
가회동,한식,옛날,1
가회동,한식,오래된,2
가회동,한식,온면,1
가회동,한식,옹심이,1
가회동,한식,와사비,1
가회동,한식,외국인,1
가회동,한식,요리,1
가회동,한식,우동,1
가회동,한식,웨이팅,3
가회동,한식,육전,1
가회동,한식,응대,1
가회동,한식,장소,1
가회동,한식,재료,2
가회동,한식,재방문,2
가회동,한식,저렴한,1
가회동,한식,적다,1
가회동,한식,전통,1
가회동,한식,젊은이,1
가회동,한식,점심,6
가회동,한식,점심 메뉴,1
가회동,한식,정갈한,5
가회동,한식,정성,1
가회동,한식,정식,2
가회동,한식,제육,1
가회동,한식,조카,1
가회동,한식,조합,1
가회동,한식,조합 최고,1
가회동,한식,종류,1
가회동,한식,주류,1
가회동,한식,줄,1
가회동,한식,즐기는,1
가회동,한식,직접,1
가회동,한식,진한,1
가회동,한식,집밥,1
가회동,한식,짠,1
가회동,한식,쫄깃한,2
가회동,한식,쭈꾸미,2
가회동,한식,쭈꾸미삼겹,1
가회동,한식,창덕궁,1
가회동,한식,창덕궁 뷰,1
가회동,한식,철판쭈꾸미,1
가회동,한식,청양고추,1
가회동,한식,초밥,2
가회동,한식,초밥 조합,1
가회동,한식,최대 4인,1
가회동,한식,치킨,1
가회동,한식,친구랑,1
가회동,한식,친절한,20
가회동,한식,친절한 사장님,1
가회동,한식,카펠리니,1
가회동,한식,칼국수,4
가회동,한식,코스,1
가회동,한식,콩,1
가회동,한식,큰,1
가회동,한식,탕,1
가회동,한식,테이블,1
가회동,한식,통 창,1
가회동,한식,특유의,1
가회동,한식,편안한,1
가회동,한식,편안한 식사,1
가회동,한식,퐁듀,1
가회동,한식,푸근한 분위기,1
가회동,한식,푸짐한,2
가회동,한식,퓨전,1
가회동,한식,한식,1
가회동,한식,한잔,1
가회동,한식,한정식,2
가회동,한식,할머니,1
가회동,한식,해물찜,1
가회동,한식,햄,1
가회동,한식,향,2
가회동,한식,혼밥,1
가회동,한식,회사,1
가회동,한식,회식,2
가회동,한식,후기,1
가회동,한식,후식,1
가회동,한식,훌륭한,1
가회동,한식,훌륭한 맛집,1
삼청동,동남아시아,맛있는,1
삼청동,동남아시아,배부른,1
삼청동,동남아시아,분위기,1
삼청동,동남아시아,설명,1
삼청동,동남아시아,스테이크,1
삼청동,동남아시아,예약,1
삼청동,동남아시아,조용한,1
삼청동,동남아시아,친절한,1
삼청동,동남아시아,코스,1
삼청동,동남아시아,편안한,1
삼청동,분식,강추,1
삼청동,분식,국수,1
삼청동,분식,김밥,2
삼청동,분식,깔끔한,1
삼청동,분식,나물,1
삼청동,분식,냉면,1
삼청동,분식,라면,1
삼청동,분식,라면 김밥,1
삼청동,분식,만두,1
삼청동,분식,맛있는,3
삼청동,분식,맛있는 김밥,1
삼청동,분식,맛집,1
삼청동,분식,미술관,1
삼청동,분식,미역국,1
삼청동,분식,별로,1
삼청동,분식,분위기,1
삼청동,분식,비싼,1
삼청동,분식,비지,1
삼청동,분식,사장님,1
삼청동,분식,예쁜,1
삼청동,분식,오뎅,1
삼청동,분식,와사비 김밥,1
삼청동,분식,친절한,2
삼청동,분식,튀김만두,1
삼청동,분식,피냉면,1
삼청동,분식,해물,1
삼청동,서양식,가츠동,1
삼청동,서양식,간단하게 먹는,1
삼청동,서양식,갤러리,1
삼청동,서양식,경복궁,1
삼청동,서양식,관람객,1
삼청동,서양식,귀한,1
삼청동,서양식,그릇,1
삼청동,서양식,그리스,1
삼청동,서양식,그리스 음식,1
삼청동,서양식,깨끗한,1
삼청동,서양식,넓은,2
삼청동,서양식,느끼한,1
삼청동,서양식,덮밥,1
삼청동,서양식,데이트,2
삼청동,서양식,데이트코스,1
삼청동,서양식,도우,1
삼청동,서양식,돈까스,1
삼청동,서양식,딱딱한,1
삼청동,서양식,레몬에이드,1
삼청동,서양식,레스토랑,2
삼청동,서양식,루꼴라,1
삼청동,서양식,마스크,1
삼청동,서양식,만족스러운,1
삼청동,서양식,만족하는,1
삼청동,서양식,맛있는,15
삼청동,서양식,맛있는 음식,1
삼청동,서양식,맛집,3
삼청동,서양식,맥주,1
삼청동,서양식,모임,1
삼청동,서양식,무릎,1
삼청동,서양식,미디어,1
삼청동,서양식,미슐랭,1
삼청동,서양식,미트볼,1
삼청동,서양식,바뀐,1
삼청동,서양식,밥,1
삼청동,서양식,번,1
삼청동,서양식,분위기,13
삼청동,서양식,분홍색,1
삼청동,서양식,브점심,1
삼청동,서양식,비싼,1
삼청동,서양식,비주얼,1
삼청동,서양식,사장님,2
삼청동,서양식,사진,2
삼청동,서양식,색다른,1
삼청동,서양식,샐러드,3
삼청동,서양식,서비스,1
삼청동,서양식,선택,1
삼청동,서양식,설명,1
삼청동,서양식,세트,2
삼청동,서양식,셀프,1
삼청동,서양식,소스,1
삼청동,서양식,쉼,1
삼청동,서양식,스테이크,4
삼청동,서양식,식전빵,1
삼청동,서양식,아보카도,1
삼청동,서양식,아쉬운,1
삼청동,서양식,어울리는,1
삼청동,서양식,예쁜,2
삼청동,서양식,오리,1
삼청동,서양식,와인,1
삼청동,서양식,요리,1
삼청동,서양식,우동,1
삼청동,서양식,웨이팅,1
삼청동,서양식,유니크,1
삼청동,서양식,유부초밥,1
삼청동,서양식,인테리어,1
삼청동,서양식,작은,1
삼청동,서양식,저렴한,1
삼청동,서양식,조용한,3
삼청동,서양식,좁은,2
삼청동,서양식,좋은 분위기,2
삼청동,서양식,주차,1
삼청동,서양식,중화,1
삼청동,서양식,차돌,1
삼청동,서양식,추억,1
삼청동,서양식,치즈,2
삼청동,서양식,친절한,12
삼청동,서양식,커피,2
삼청동,서양식,코스,1
삼청동,서양식,쾌적한,1
삼청동,서양식,큰,1
삼청동,서양식,테이블,2
삼청동,서양식,특별한,3
삼청동,서양식,파스타,8
삼청동,서양식,피자,3
삼청동,서양식,한옥,1
삼청동,서양식,함박스테이크,1
삼청동,서양식,행복한,1
삼청동,서양식,협소한,1
삼청동,서양식,호불호,1
삼청동,서양식,화이트,1
삼청동,일식,감칠맛,1
삼청동,일식,계란,1
삼청동,일식,공간,1
삼청동,일식,국물,1
삼청동,일식,깔끔한,1
삼청동,일식,덮밥,1
삼청동,일식,돈까스,1
삼청동,일식,돈코츠라멘,1
삼청동,일식,라멘,1
삼청동,일식,마늘,1
삼청동,일식,맛있는,2
삼청동,일식,밸런스,1
삼청동,일식,분위기,1
삼청동,일식,샤리,1
삼청동,일식,스시,1
삼청동,일식,웨이팅,1
삼청동,일식,위치,1
삼청동,일식,점심,1
삼청동,일식,차슈,1
삼청동,주점,가성비,2
삼청동,주점,감자전,1
삼청동,주점,강아지,1
삼청동,주점,고등어,1
삼청동,주점,고소한,1
삼청동,주점,공간,1
삼청동,주점,공공재라떼,1
삼청동,주점,국물,1
삼청동,주점,귀여운,1
삼청동,주점,내추럴 와인,1
삼청동,주점,뇨끼,1
삼청동,주점,누룽지,1
삼청동,주점,다양한,2
삼청동,주점,대기,1
삼청동,주점,독특한,1
삼청동,주점,디저트,1
삼청동,주점,딸기,1
삼청동,주점,떡볶이,1
삼청동,주점,막걸리,1
삼청동,주점,맛있는,8
삼청동,주점,맛있는 음식,1
삼청동,주점,맥주,1
삼청동,주점,반미,1
삼청동,주점,백김치,1
삼청동,주점,베이스,1
삼청동,주점,볶음밥,1
삼청동,주점,부추,1
삼청동,주점,분위기,9
삼청동,주점,브점심,1
삼청동,주점,비빔쌀국수,1
삼청동,주점,사과,1
삼청동,주점,사장님,1
삼청동,주점,상큼한,1
삼청동,주점,새우볶음밥,1
삼청동,주점,서비스,1
삼청동,주점,선곡,1
삼청동,주점,세련되다,1
삼청동,주점,세월,1
삼청동,주점,솥밥,1
삼청동,주점,술집,1
삼청동,주점,쌀국수,1
삼청동,주점,아주머니,1
삼청동,주점,안주,4
삼청동,주점,야외,1
삼청동,주점,어울리는,1
삼청동,주점,연인이랑,1
삼청동,주점,예쁜,2
삼청동,주점,예약,1
삼청동,주점,오렌지,1
삼청동,주점,와인,3
삼청동,주점,웨이팅,1
삼청동,주점,위치,1
삼청동,주점,율무,1
삼청동,주점,음악,2
삼청동,주점,음악 분위기,1
삼청동,주점,인사동,1
삼청동,주점,인테리어,1
삼청동,주점,자리,1
삼청동,주점,재즈,1
삼청동,주점,저녁,1
삼청동,주점,조용한,1
삼청동,주점,종류,2
삼청동,주점,좋은 분위기,2
삼청동,주점,즐거운,1
삼청동,주점,즐기는,2
삼청동,주점,추천하는,3
삼청동,주점,취향,1
삼청동,주점,친구랑,1
삼청동,주점,친절한,7
삼청동,주점,칵테일,1
삼청동,주점,커피,1
삼청동,주점,파스타,1
삼청동,주점,팬케이크,1
삼청동,주점,퓨전,1
삼청동,주점,한옥,1
삼청동,중식,가성비,1
삼청동,중식,간짜장,1
삼청동,중식,딤섬,1
삼청동,중식,룸,1
삼청동,중식,맛있는,3
삼청동,중식,맛집,1
삼청동,중식,모임,1
삼청동,중식,백짬뽕,1
삼청동,중식,분위기,1
삼청동,중식,비싼,1
삼청동,중식,비싼 가격,1
삼청동,중식,사진,1
삼청동,중식,새우,1
삼청동,중식,손님,1
삼청동,중식,시원한,1
삼청동,중식,예약,1
삼청동,중식,조용한,1
삼청동,중식,주변,1
삼청동,중식,중국집,1
삼청동,중식,짜장,1
삼청동,중식,짜장면,1
삼청동,중식,짬뽕,1
삼청동,중식,친구랑,1
삼청동,중식,친절한,1
삼청동,중식,코스,1
삼청동,중식,탕,1
삼청동,중식,탕수육,2
삼청동,카페,12000원,1
삼청동,카페,가성비,2
삼청동,카페,가성비 좋은,1
삼청동,카페,가야금,1
삼청동,카페,간식,2
삼청동,카페,간판,1
삼청동,카페,강렬한,1
삼청동,카페,갤러리,1
삼청동,카페,건강한,2
삼청동,카페,겉바속촉,1
삼청동,카페,겨울에도,1
삼청동,카페,견과류,1
삼청동,카페,경복궁,2
삼청동,카페,고디바,1
삼청동,카페,고소한,1
삼청동,카페,고즈넉한,4
삼청동,카페,고풍스러운,1
삼청동,카페,고흐 그림,1
삼청동,카페,공간,4
삼청동,카페,과육,1
삼청동,카페,귤청,1
삼청동,카페,그릇,1
삼청동,카페,그림,3
삼청동,카페,글로리,1
삼청동,카페,기다림,2
삼청동,카페,기대한,1
삼청동,카페,까눌레,1
삼청동,카페,깜빠뉴,1
삼청동,카페,깨끗한,3
삼청동,카페,나얼,1
삼청동,카페,남편,1
삼청동,카페,넓은,6
삼청동,카페,노키즈존,1
삼청동,카페,눈길 가는,1
삼청동,카페,느끼한,1
삼청동,카페,느린,1
삼청동,카페,다양한,4
삼청동,카페,단호박,1
삼청동,카페,달다,4
삼청동,카페,달지않은,1
삼청동,카페,담백한,1
삼청동,카페,대기,1
삼청동,카페,대마라떼,1
삼청동,카페,대추차,2
삼청동,카페,대화,4
삼청동,카페,도넛,1
삼청동,카페,독일,1
삼청동,카페,독특한,2
삼청동,카페,드립커피,1
삼청동,카페,디저트,15
삼청동,카페,따뜻한,5
삼청동,카페,딸,1
삼청동,카페,딸기,4
삼청동,카페,딸기쇼트케이크,1
삼청동,카페,딸기주스,1
삼청동,카페,딸기철,1
삼청동,카페,떡볶이,1
삼청동,카페,라떼,1
삼청동,카페,럼주,1
삼청동,카페,레몬,1
삼청동,카페,레스토랑,1
삼청동,카페,로스팅,1
삼청동,카페,루꼴라,1
삼청동,카페,루프탑,2
삼청동,카페,마들렌,1
삼청동,카페,만석,1
삼청동,카페,만족하는,1
삼청동,카페,말차,1
삼청동,카페,말투,1
삼청동,카페,맛없는,1
삼청동,카페,맛있는,51
삼청동,카페,맛있는 드립커피,1
삼청동,카페,맛있는 아이스아메리카노,1
삼청동,카페,맛있는 아이스크림,1
삼청동,카페,맛있는 커피,3
삼청동,카페,맛있는케이크,1
삼청동,카페,맛집,5
삼청동,카페,매실티,1
삼청동,카페,멋진,4
삼청동,카페,면,1
삼청동,카페,물가,1
삼청동,카페,묽은,1
삼청동,카페,밀크슈탕,1
삼청동,카페,밀크슈탕에,1
삼청동,카페,밀크티,2
삼청동,카페,바뀐,1
삼청동,카페,바닐라라떼,1
삼청동,카페,바삭한,2
삼청동,카페,바삭한 빵,1
삼청동,카페,박물관,1
삼청동,카페,별로,1
삼청동,카페,보이차,2
삼청동,카페,부드러운,1
삼청동,카페,북촌 구경,1
삼청동,카페,분위기,32
삼청동,카페,불친절한,2
삼청동,카페,불편한,2
삼청동,카페,붕어빵,1
삼청동,카페,뷰,6
삼청동,카페,브라우니,1
삼청동,카페,브점심,3
삼청동,카페,비싼,5
삼청동,카페,빙수,4
삼청동,카페,빵,5
삼청동,카페,사장님,13
삼청동,카페,사진,1
삼청동,카페,상견례,1
삼청동,카페,새해,1
삼청동,카페,샌드위치,1
삼청동,카페,샐러드,2
삼청동,카페,생크림,1
삼청동,카페,생화,1
삼청동,카페,서비스,2
삼청동,카페,선택,1
삼청동,카페,소금빵,2
삼청동,카페,소소한,1
삼청동,카페,소스,1
삼청동,카페,소품,1
삼청동,카페,손님,1
삼청동,카페,순간,1
삼청동,카페,스콘,2
삼청동,카페,스토리,1
삼청동,카페,스프,1
삼청동,카페,시그니처,2
삼청동,카페,시그니처 귤청,1
삼청동,카페,시나몬,2
삼청동,카페,시원한,1
삼청동,카페,시즌메뉴,1
삼청동,카페,시트,1
삼청동,카페,신기한,1
삼청동,카페,신선한,1
삼청동,카페,싼 가격,1
삼청동,카페,쑥떡쉐이크,1
삼청동,카페,아기자기한,1
삼청동,카페,아끼는,1
삼청동,카페,아늑한,3
삼청동,카페,아담한,1
삼청동,카페,아메리카노,1
삼청동,카페,아보카도,1
삼청동,카페,아쉬운,2
삼청동,카페,아이스아메리카노,1
삼청동,카페,아이스크림,3
삼청동,카페,아인슈페너,1
삼청동,카페,애플파이,1
삼청동,카페,앤틱,1
삼청동,카페,야외,1
삼청동,카페,양,1
삼청동,카페,어울리는,1
삼청동,카페,언제나,1
삼청동,카페,얼음,1
삼청동,카페,엄청난,1
삼청동,카페,에그타르트,2
삼청동,카페,에스프레소,1
삼청동,카페,여러가지,1
삼청동,카페,여름,1
삼청동,카페,여전한,1
삼청동,카페,영업,1
삼청동,카페,예쁜,20
삼청동,카페,예쁜 외관,1
삼청동,카페,예약,1
삼청동,카페,오픈런,1
삼청동,카페,와플,1
삼청동,카페,외관,2
삼청동,카페,우유빙수,1
삼청동,카페,웃음소리,1
삼청동,카페,원두,1
삼청동,카페,웨이팅,2
삼청동,카페,음악,2
삼청동,카페,의자,1
삼청동,카페,이야기,1
삼청동,카페,이태원,1
삼청동,카페,인도네시아,1
삼청동,카페,인지도,1
삼청동,카페,인테리어,13
삼청동,카페,일상,1
삼청동,카페,자리,7
삼청동,카페,자리 없는,1
삼청동,카페,작은,6
삼청동,카페,장소,1
삼청동,카페,재즈,1
삼청동,카페,저렴한,3
삼청동,카페,적당한,2
삼청동,카페,정독도서관,1
삼청동,카페,젤리,1
삼청동,카페,조용한,6
삼청동,카페,종류,4
삼청동,카페,좋은 분위기,1
삼청동,카페,좋은 뷰,1
삼청동,카페,좌석,3
삼청동,카페,주말,1
삼청동,카페,중요한,1
삼청동,카페,직접,1
삼청동,카페,진한,2
삼청동,카페,쫄깃한,1
삼청동,카페,차,3
삼청동,카페,차분한,1
삼청동,카페,착한,1
삼청동,카페,채광,1
삼청동,카페,초코,1
삼청동,카페,촬영 장소,1
삼청동,카페,최고급 생두,1
삼청동,카페,추천하는,1
삼청동,카페,치즈,1
삼청동,카페,친구랑,1
삼청동,카페,친절한,31
삼청동,카페,카스텔라,1
삼청동,카페,카푸치노,1
삼청동,카페,커피,40
삼청동,카페,커피 맛,2
삼청동,카페,커피 향,1
삼청동,카페,커피맛집,1
삼청동,카페,케이크,8
삼청동,카페,쿠키,1
삼청동,카페,퀄리티,1
삼청동,카페,크림,2
삼청동,카페,큰,1
삼청동,카페,클래식,1
삼청동,카페,타르트,3
삼청동,카페,테라스,2
삼청동,카페,테이크아웃,1
삼청동,카페,토마토 스프,1
삼청동,카페,토스트,1
삼청동,카페,톡,1
삼청동,카페,특별한,2
삼청동,카페,티,3
삼청동,카페,파르페,2
삼청동,카페,파이,2
삼청동,카페,팥,1
삼청동,카페,팥빙수,2
삼청동,카페,팥죽,2
삼청동,카페,팽주,1
삼청동,카페,편리한,1
삼청동,카페,편안한,6
삼청동,카페,평일,2
삼청동,카페,포장,1
삼청동,카페,프레첼,2
삼청동,카페,피스타치오,1
삼청동,카페,피자,1
삼청동,카페,하겐다즈,1
삼청동,카페,한옥,1
삼청동,카페,한옥 뷰,1
삼청동,카페,한옥카페,1
삼청동,카페,한적한,1
삼청동,카페,합리적인 가격,1
삼청동,카페,항아리 팥빙수,1
삼청동,카페,핸드드립,2
삼청동,카페,향,2
삼청동,카페,호두 파이,1
삼청동,카페,호두파이,1
삼청동,카페,호두파이 맛집,1
삼청동,카페,화덕 떡볶이,1
삼청동,카페,화이트,1
삼청동,카페,화장실,6
삼청동,카페,훌륭한,1
삼청동,카페,휘낭시에,1
삼청동,카페,휴가,1
삼청동,카페,힐링,1
삼청동,카페,힙한,1
삼청동,패스트푸드,감자,2
삼청동,패스트푸드,감자칩,1
삼청동,패스트푸드,갤러리,1
삼청동,패스트푸드,고구마,1
삼청동,패스트푸드,고구마칩,1
삼청동,패스트푸드,깨끗한,1
삼청동,패스트푸드,넓은,1
삼청동,패스트푸드,다양한,1
삼청동,패스트푸드,달다,1
삼청동,패스트푸드,만두,1
삼청동,패스트푸드,맛있는,4
삼청동,패스트푸드,바삭한,2
삼청동,패스트푸드,박물관,1
삼청동,패스트푸드,뿌리는,1
삼청동,패스트푸드,사진,1
삼청동,패스트푸드,시그니처,1
삼청동,패스트푸드,쏘쏘,1
삼청동,패스트푸드,예쁜,1
삼청동,패스트푸드,원두,1
삼청동,패스트푸드,인테리어,1
삼청동,패스트푸드,조용한,1
삼청동,패스트푸드,짠,1
삼청동,패스트푸드,짭쪼롬한,1
삼청동,패스트푸드,치킨,1
삼청동,패스트푸드,친절한,2
삼청동,패스트푸드,칩스,1
삼청동,패스트푸드,카카오,1
삼청동,패스트푸드,커피,2
삼청동,패스트푸드,콤보,1
삼청동,패스트푸드,크림,1
삼청동,패스트푸드,플랫,1
삼청동,패스트푸드,허니버터칩 맛,1
삼청동,패스트푸드,혼잡한,1
삼청동,한식,가성비,4
삼청동,한식,가이드북,1
삼청동,한식,가족이랑,2
삼청동,한식,간,1
삼청동,한식,간단하게 먹는,1
삼청동,한식,간장,1
삼청동,한식,간판,1
삼청동,한식,갈릭마요네즈,1
삼청동,한식,감동,1
삼청동,한식,감자전,1
삼청동,한식,갓김치,1
삼청동,한식,강추,2
삼청동,한식,개성,1
삼청동,한식,건강한,6
삼청동,한식,걸쭉한,1
삼청동,한식,계란찜,1
삼청동,한식,계란후라이,1
삼청동,한식,고기,9
삼청동,한식,고기국수,1
삼청동,한식,고수,1
삼청동,한식,고추장,2
삼청동,한식,곰탕,1
삼청동,한식,공기밥,1
삼청동,한식,구수한,2
삼청동,한식,국물,8
삼청동,한식,국밥,4
삼청동,한식,국산,1
삼청동,한식,국산 메밀,1
삼청동,한식,국수,2
삼청동,한식,그릇,1
삼청동,한식,기다림,2
삼청동,한식,기대한,1
삼청동,한식,김치,9
삼청동,한식,김치만두전골,1
삼청동,한식,김치말이국수,1
삼청동,한식,김치찌개,4
삼청동,한식,김치찜,1
삼청동,한식,김치튀김,1
삼청동,한식,깊은,2
삼청동,한식,깍두기,4
삼청동,한식,깔끔한,12
삼청동,한식,꼬치,1
삼청동,한식,끓여먹는,1
삼청동,한식,나물,1
삼청동,한식,나물 반찬,1
삼청동,한식,냉면,1
삼청동,한식,넉넉한,1
삼청동,한식,넓은,1
삼청동,한식,다대기,1
삼청동,한식,다양한,1
삼청동,한식,단계,1
삼청동,한식,닭가슴살,1
삼청동,한식,담백한,3
삼청동,한식,대기,1
삼청동,한식,대통령,1
삼청동,한식,덮밥,1
삼청동,한식,도가니,1
삼청동,한식,도가니탕,1
삼청동,한식,돈까스,2
삼청동,한식,돼지갈비,1
삼청동,한식,돼지불백,1
삼청동,한식,된장찌개,3
삼청동,한식,두부,1
삼청동,한식,두부김치,1
삼청동,한식,두부전골,1
삼청동,한식,두부찌개,1
삼청동,한식,둘이서,1
삼청동,한식,든든한,3
삼청동,한식,든든한 점심,1
삼청동,한식,따뜻한,2
삼청동,한식,딱딱한,1
삼청동,한식,떡,1
삼청동,한식,떡갈비,2
삼청동,한식,떡볶이,2
삼청동,한식,뚝배기,1
삼청동,한식,라면,1
삼청동,한식,룸,1
삼청동,한식,리필,2
삼청동,한식,막국수,1
삼청동,한식,만두,1
삼청동,한식,만두전골,1
삼청동,한식,만족하는,2
삼청동,한식,맑은,1
삼청동,한식,맛없는,1
삼청동,한식,맛있는,43
삼청동,한식,맛있는 국물,1
삼청동,한식,맛있는 국밥,1
삼청동,한식,맛있는 냉면,1
삼청동,한식,맛있는 복국,1
삼청동,한식,맛집,14
삼청동,한식,매운,1
삼청동,한식,맥주,2
삼청동,한식,멋진,2
삼청동,한식,멋진 상차림,1
삼청동,한식,메리트 없다,1
삼청동,한식,메밀,1
삼청동,한식,면,2
삼청동,한식,명란,2
삼청동,한식,명소,1
삼청동,한식,모래시계,1
삼청동,한식,목살,1
삼청동,한식,무료,1
삼청동,한식,물가,1
삼청동,한식,미술관,1
삼청동,한식,미역국,1
삼청동,한식,바쁜,2
삼청동,한식,반찬,15
삼청동,한식,밥,10
삼청동,한식,배부른,2
삼청동,한식,백김치,1
삼청동,한식,백반,1
삼청동,한식,별로,1
삼청동,한식,보쌈,1
삼청동,한식,복국,1
삼청동,한식,복지리,1
삼청동,한식,볶음,1
삼청동,한식,볶음밥,1
삼청동,한식,볶음우동,1
삼청동,한식,부드러운,1
삼청동,한식,부모님,3
삼청동,한식,북악산,1
삼청동,한식,북악산 탐방,1
삼청동,한식,북촌한옥마을,1
삼청동,한식,분위기,7
삼청동,한식,불고기,2
삼청동,한식,불맛,1
삼청동,한식,불친절한,2
삼청동,한식,불쾌한,1
삼청동,한식,비빔,3
삼청동,한식,비빔국수,2
삼청동,한식,비빔밥,3
삼청동,한식,비지,1
삼청동,한식,빈대떡,1
삼청동,한식,뻔한,1
삼청동,한식,뿌리는,1
삼청동,한식,사장님,7
삼청동,한식,사진,1
삼청동,한식,삼계탕,1
삼청동,한식,상차림,1
삼청동,한식,생맥주,1
삼청동,한식,서비스,1
삼청동,한식,서온,1
삼청동,한식,서울,1
삼청동,한식,섞다찌개,1
삼청동,한식,선택,1
삼청동,한식,설렁탕,1
삼청동,한식,셀프,2
삼청동,한식,소금,2
삼청동,한식,소스,1
삼청동,한식,손님,4
삼청동,한식,수육,1
삼청동,한식,수제비,1
삼청동,한식,순대국,1
삼청동,한식,순두부,1
삼청동,한식,술,1
삼청동,한식,스프,1
삼청동,한식,슴슴한,1
삼청동,한식,신기한,1
삼청동,한식,신선한,2
삼청동,한식,심심한,2
삼청동,한식,싱거운,1
삼청동,한식,아보카도,1
삼청동,한식,아쉬운,3
삼청동,한식,아침,1
삼청동,한식,안주,1
삼청동,한식,야채,1
삼청동,한식,양,2
삼청동,한식,연잎밥,1
삼청동,한식,예쁜,1
삼청동,한식,온면,1
삼청동,한식,외국인,2
삼청동,한식,우거지,1
삼청동,한식,우동,1
삼청동,한식,운치있는,1
삼청동,한식,웨이팅,4
삼청동,한식,육개장,1
삼청동,한식,인테리어,1
삼청동,한식,입맛,1
삼청동,한식,자극적인,1
삼청동,한식,자리,1
삼청동,한식,자부심,1
삼청동,한식,저녁,1
삼청동,한식,적다,2
삼청동,한식,적당한,1
삼청동,한식,적당한 간,1
삼청동,한식,전,1
삼청동,한식,전통,1
삼청동,한식,점심,2
삼청동,한식,정갈한,8
삼청동,한식,정식,4
삼청동,한식,조미료,3
삼청동,한식,주차,2
삼청동,한식,줄,2
삼청동,한식,직접,1
삼청동,한식,진한,1
삼청동,한식,집,1
삼청동,한식,짬뽕,1
삼청동,한식,짬뽕라면,1
삼청동,한식,쫀득한,1
삼청동,한식,차분한,1
삼청동,한식,철렵국,1
삼청동,한식,청결한,2
삼청동,한식,청결한 국밥,1
삼청동,한식,청국장,4
삼청동,한식,청와대,1
삼청동,한식,추어탕,1
삼청동,한식,추억,2
삼청동,한식,추천하는,3
삼청동,한식,치즈,1
삼청동,한식,친구랑,1
삼청동,한식,친절,1
삼청동,한식,친절한,12
삼청동,한식,카레,1
삼청동,한식,칼국수,1
삼청동,한식,코다리,1
삼청동,한식,테이블,2
삼청동,한식,파스타,1
삼청동,한식,파전,1
삼청동,한식,퍽퍽한,1
삼청동,한식,편안한,4
삼청동,한식,한식,1
삼청동,한식,한옥,1
삼청동,한식,한정식,1
삼청동,한식,할머니,1
삼청동,한식,해물,1
삼청동,한식,혼밥,3
삼청동,한식,홍합,1
삼청동,한식,회전율,2
삼청동,한식,훌륭한,1
신촌동,동남아시아,1인 2메뉴,1
신촌동,동남아시아,1인 세트,1
신촌동,동남아시아,가격 비싸다,1
신촌동,동남아시아,가성비,3
신촌동,동남아시아,가성비 좋다,1
신촌동,동남아시아,감사하다,1
신촌동,동남아시아,건강하다,1
신촌동,동남아시아,건강하다 담엔,1
신촌동,동남아시아,곁들이다,1
신촌동,동남아시아,곱창,1
신촌동,동남아시아,곱창 쌀국수,1
신촌동,동남아시아,공부,1
신촌동,동남아시아,과카몰레,1
신촌동,동남아시아,과카몰리,1
신촌동,동남아시아,국물,3
신촌동,동남아시아,국수,1
신촌동,동남아시아,국수 소 분도,1
신촌동,동남아시아,굿굿굿,8
신촌동,동남아시아,궁 물이 끝내주다 크다,1
신촌동,동남아시아,귀엽다,1
신촌동,동남아시아,그냥 그렇다,1
신촌동,동남아시아,기다리다,1
신촌동,동남아시아,깔끔하다,2
신촌동,동남아시아,깔끔하다 맛,1
신촌동,동남아시아,깔끔하다 좋다,1
신촌동,동남아시아,끝내주다,1
신촌동,동남아시아,끝내주다 크다,1
신촌동,동남아시아,남자직원분,1
신촌동,동남아시아,늦다,1
신촌동,동남아시아,대면,1
신촌동,동남아시아,대처,1
신촌동,동남아시아,따라가다,1
신촌동,동남아시아,똠양꿍,1
신촌동,동남아시아,뜨겁다,1
신촌동,동남아시아,뜨끈하다,1
신촌동,동남아시아,라씨,2
신촌동,동남아시아,맛 좋다,1
신촌동,동남아시아,맛있게 먹다,2
신촌동,동남아시아,맛있다,13
신촌동,동남아시아,맛있다 나머지,1
신촌동,동남아시아,맛있다 스프링롤,1
신촌동,동남아시아,맛집,3
신촌동,동남아시아,면,1
신촌동,동남아시아,무한리필,1
신촌동,동남아시아,반쎄오,1
신촌동,동남아시아,베트남,1
신촌동,동남아시아,병원,1
신촌동,동남아시아,볶음밥,1
신촌동,동남아시아,부리또,1
신촌동,동남아시아,부리또 맛있다,1
신촌동,동남아시아,분위기,1
신촌동,동남아시아,브리또,1
신촌동,동남아시아,브리또 맛집,1
신촌동,동남아시아,세트,3
신촌동,동남아시아,소스,1
신촌동,동남아시아,쌀국수,7
신촌동,동남아시아,쎄다,1
신촌동,동남아시아,야채,1
신촌동,동남아시아,양 많다,1
신촌동,동남아시아,엔칠라다,1
신촌동,동남아시아,왕 맛있다,1
신촌동,동남아시아,왕 맛있다 오다,1
신촌동,동남아시아,왕새우 크다,1
신촌동,동남아시아,요리,1
신촌동,동남아시아,육수,1
신촌동,동남아시아,음식점 다니다 보다,1
신촌동,동남아시아,인도,3
신촌동,동남아시아,인도 요리,1
신촌동,동남아시아,인도 음식,1
신촌동,동남아시아,인테리어,1
신촌동,동남아시아,점심,1
신촌동,동남아시아,진하다,1
신촌동,동남아시아,짜다,1
신촌동,동남아시아,짜조,1
신촌동,동남아시아,추천,1
신촌동,동남아시아,춥다,1
신촌동,동남아시아,치킨,2
신촌동,동남아시아,친구,1
신촌동,동남아시아,친절하다,7
신촌동,동남아시아,커리,3
신촌동,동남아시아,퀘사디아,1
신촌동,동남아시아,크다,1
신촌동,동남아시아,키면,1
신촌동,동남아시아,탄두리,1
신촌동,동남아시아,탄두리치킨,1
신촌동,동남아시아,평범하다,1
신촌동,동남아시아,평타,1
신촌동,동남아시아,포케,1
신촌동,동남아시아,항상 먹다,1
신촌동,동남아시아,해장,1
신촌동,동남아시아,향신료,1
신촌동,동남아시아,흔하다,1
신촌동,분식,2만원,1
신촌동,분식,2만원 5식구,1
신촌동,분식,990 0 안심 튀김,1
신촌동,분식,가성비,7
신촌동,분식,가성비 좋다,4
신촌동,분식,걱정,1
신촌동,분식,걱정 맛있다,1
신촌동,분식,겨울 이라,1
신촌동,분식,고기,2
신촌동,분식,국물,2
신촌동,분식,군만두,2
신촌동,분식,굿,1
신촌동,분식,굿굿굿,20
신촌동,분식,그냥 그렇다,1
신촌동,분식,그냥 평범하다,1
신촌동,분식,그리다 많다,1
신촌동,분식,김말이,1
신촌동,분식,김밥,7
신촌동,분식,김밥 2 줄,1
신촌동,분식,김밥 2 줄 다르다,1
신촌동,분식,김밥 맛있다,2
신촌동,분식,김밥 옆 나오다,1
신촌동,분식,김치,1
신촌동,분식,김치볶음밥,1
신촌동,분식,깔끔하다,1
신촌동,분식,깨끗하다,1
신촌동,분식,꼬마김밥,1
신촌동,분식,꼬치,1
신촌동,분식,끓이다,1
신촌동,분식,끓이다 라면,1
신촌동,분식,나누다 가져가다,1
신촌동,분식,냠냠떡 볶다,1
신촌동,분식,다방,1
신촌동,분식,다양하다,1
신촌동,분식,단무지,1
신촌동,분식,단언컨대,1
신촌동,분식,단언컨대 신촌,1
신촌동,분식,단체 손님,1
신촌동,분식,대학가 근처 라,1
신촌동,분식,대화,1
신촌동,분식,대화하기 좋다,1
신촌동,분식,델리,1
신촌동,분식,돌솥,1
신촌동,분식,돌솥비빔밥,1
신촌동,분식,디저트,1
신촌동,분식,따지다,1
신촌동,분식,따지다 보다,1
신촌동,분식,떡,3
신촌동,분식,떡 복기 맛있다,1
신촌동,분식,떡볶이,9
신촌동,분식,떡볶이 많다 않다,1
신촌동,분식,떡볶이 생각나다,1
신촌동,분식,라면,2
신촌동,분식,라면 한 그릇,1
신촌동,분식,라볶이,3
신촌동,분식,라볶이 그냥,1
신촌동,분식,라볶이 라지 만떡볶이,1
신촌동,분식,램,1
신촌동,분식,러브 주먹밥,1
신촌동,분식,로제,1
신촌동,분식,로제떡볶이,1
신촌동,분식,마이티,1
신촌동,분식,만두,2
신촌동,분식,만두국,1
신촌동,분식,맛 느껴지다,1
신촌동,분식,맛 좋다,1
신촌동,분식,맛있게 먹다,1
신촌동,분식,맛있다,26
신촌동,분식,맛있다 들다 보다,1
신촌동,분식,맛집,5
신촌동,분식,맵다,2
신촌동,분식,면,1
신촌동,분식,바삭,1
신촌동,분식,배떡,1
신촌동,분식,별로,1
신촌동,분식,볶음밥,3
신촌동,분식,부드럽다,1
신촌동,분식,비리다,1
신촌동,분식,비리다 걸,1
신촌동,분식,비빔만두,1
신촌동,분식,비빔밥,1
신촌동,분식,비싸다,1
신촌동,분식,사골,1
신촌동,분식,사장님 바뀌다,1
신촌동,분식,상추,1
신촌동,분식,상큼,1
신촌동,분식,새우만두,1
신촌동,분식,소룡포,1
신촌동,분식,손꼽다 진짜,1
신촌동,분식,수제,1
신촌동,분식,순대,2
신촌동,분식,순두부,1
신촌동,분식,신선하다,1
신촌동,분식,싸다,1
신촌동,분식,쌀,1
신촌동,분식,쌀 젤라또,1
신촌동,분식,아보카도,1
신촌동,분식,아쉽다,1
신촌동,분식,아이스크림,1
신촌동,분식,아이스크림 먹다,1
신촌동,분식,아이스크림 짱 맛,1
신촌동,분식,아주머니 분,1
신촌동,분식,야채,1
신촌동,분식,업체,1
신촌동,분식,역시 라볶이,1
신촌동,분식,연희김밥,1
신촌동,분식,영양,1
신촌동,분식,오래 걸리다,1
신촌동,분식,오믈렛,1
신촌동,분식,오믈렛 생각나다,1
신촌동,분식,오징어,2
신촌동,분식,오징어 꼬마김밥,1
신촌동,분식,오징어김밥,1
신촌동,분식,완전쫀쫀,1
신촌동,분식,완전쫀쫀 맛있다,1
신촌동,분식,완탕국밥,1
신촌동,분식,유니크 한 맛,1
신촌동,분식,육즙,1
신촌동,분식,음식 자극적이지 않다,1
신촌동,분식,이대,1
신촌동,분식,자극,1
신촌동,분식,자주 이용하다,1
신촌동,분식,자주 이용하다 업체,1
신촌동,분식,작다,1
신촌동,분식,저녁,1
신촌동,분식,점심,2
신촌동,분식,제육,1
신촌동,분식,제육 맛있다,1
신촌동,분식,제육 순두부,1
신촌동,분식,젤라또,1
신촌동,분식,존맛,1
신촌동,분식,주먹밥,2
신촌동,분식,줄,2
신촌동,분식,중국,1
신촌동,분식,진짜 맛있다,3
신촌동,분식,질리다,1
신촌동,분식,쫀득하,1
신촌동,분식,쫀득하고,1
신촌동,분식,쫀득하고 맛있다,1
신촌동,분식,쫄라당,1
신촌동,분식,참치,1
신촌동,분식,참치김밥,4
신촌동,분식,참치김밥 진짜진짜,1
신촌동,분식,최고,1
신촌동,분식,최고 떡볶이,1
신촌동,분식,추억,1
신촌동,분식,추천,3
신촌동,분식,치즈김밥,1
신촌동,분식,친절하다,9
신촌동,분식,크림,1
신촌동,분식,키오스크다,1
신촌동,분식,튀김,5
신촌동,분식,튀김 굿,1
신촌동,분식,틈새,1
신촌동,분식,티,1
신촌동,분식,평범하다,1
신촌동,분식,포레스트김밥,1
신촌동,분식,포함,1
신촌동,분식,피자,1
신촌동,분식,학교 앞,1
신촌동,분식,한식,1
신촌동,분식,한식 집,1
신촌동,분식,현지,1
신촌동,분식,현지 맛,1
신촌동,분식,혼밥,5
신촌동,분식,혼밥 좋다,2
신촌동,분식,후추,1
신촌동,분식,후추 맛,1
신촌동,분식,훠궈,1
신촌동,서양식,7천원,1
신촌동,서양식,가격 맛이괜춘,1
신촌동,서양식,가득 들다,1
신촌동,서양식,가득하다,1
신촌동,서양식,가볍게 와인,1
신촌동,서양식,가볍다,1
신촌동,서양식,가성비,12
신촌동,서양식,가성비 괜찮다,1
신촌동,서양식,가성비 좋다,4
신촌동,서양식,가성비 좋다 많이 고르곤졸라,1
신촌동,서양식,가지 튀김,1
신촌동,서양식,간단하게 먹기,1
신촌동,서양식,간단하다,2
신촌동,서양식,감사히 맛있다,1
신촌동,서양식,감칠맛,1
신촌동,서양식,겉바속촉,1
신촌동,서양식,계란,1
신촌동,서양식,고구마,1
신촌동,서양식,고기,5
신촌동,서양식,고기 맛있다,1
신촌동,서양식,고기 부드럽다,1
신촌동,서양식,고기 질도,1
신촌동,서양식,곱창,1
신촌동,서양식,과카몰리,1
신촌동,서양식,괜찮다,3
신촌동,서양식,굿굿굿,11
신촌동,서양식,그냥 맛,1
신촌동,서양식,깔끔하다,1
신촌동,서양식,나초,1
신촌동,서양식,남기다,1
신촌동,서양식,남산돈까스,1
신촌동,서양식,내장,1
신촌동,서양식,내장볶음밥,1
신촌동,서양식,넓다,1
신촌동,서양식,뇨끼,2
신촌동,서양식,뇨끼 맛있다,1
신촌동,서양식,다양하다,1
신촌동,서양식,달달,1
신촌동,서양식,대게,1
신촌동,서양식,대창,1
신촌동,서양식,더럽다,1
신촌동,서양식,덮밥,1
신촌동,서양식,데이트,3
신촌동,서양식,도우,1
신촌동,서양식,돈가스,4
신촌동,서양식,돈까스,5
신촌동,서양식,동네빵집,1
신촌동,서양식,돼지,1
신촌동,서양식,디저트,1
신촌동,서양식,딸기 브리 치즈,1
신촌동,서양식,떡볶이,1
신촌동,서양식,떡볶이 맛있다,1
신촌동,서양식,라면,1
신촌동,서양식,라소스,1
신촌동,서양식,라자냐,4
신촌동,서양식,라파스타,1
신촌동,서양식,라플로르,1
신촌동,서양식,레이스,1
신촌동,서양식,리조또,2
신촌동,서양식,만족스럽다,1
신촌동,서양식,만족스럽다 맛있다,1
신촌동,서양식,맛 없다,1
신촌동,서양식,맛 좋다,2
신촌동,서양식,맛있게 먹다,4
신촌동,서양식,맛있다,38
신촌동,서양식,맛있다 맵다,1
신촌동,서양식,맛있다 새 롭고,1
신촌동,서양식,맛있다 소금빵이랑,1
신촌동,서양식,맛있다 소스,1
신촌동,서양식,맛있다 처음,1
신촌동,서양식,맛있다 친구랑,1
신촌동,서양식,맛있다 파스타 먹다,1
신촌동,서양식,맛집,5
신촌동,서양식,매장 내부,1
신촌동,서양식,매콤,1
신촌동,서양식,맵다,1
신촌동,서양식,멕시칸,1
신촌동,서양식,멕시코,1
신촌동,서양식,무난하다,1
신촌동,서양식,바삭,1
신촌동,서양식,밥,1
신촌동,서양식,백,1
신촌동,서양식,백화점,1
신촌동,서양식,볶음밥,1
신촌동,서양식,부다,1
신촌동,서양식,부담 없이 맛있다,1
신촌동,서양식,부드럽다,1
신촌동,서양식,부리또,2
신촌동,서양식,부채살,1
신촌동,서양식,분위기,11
신촌동,서양식,분위기 좋다,2
신촌동,서양식,불친절하다,1
신촌동,서양식,뷰,2
신촌동,서양식,브런치,1
신촌동,서양식,브리또,2
신촌동,서양식,비싸다,1
신촌동,서양식,빅토리아,1
신촌동,서양식,빵,1
신촌동,서양식,사랑,1
신촌동,서양식,사리,1
신촌동,서양식,사장님 젊다,1
신촌동,서양식,사진,1
신촌동,서양식,새우,1
신촌동,서양식,샌드위치,1
신촌동,서양식,샐러드,2
신촌동,서양식,생각나다,2
신촌동,서양식,생면,1
신촌동,서양식,설명,1
신촌동,서양식,세트,2
신촌동,서양식,소금빵,1
신촌동,서양식,소스,11
신촌동,서양식,슈하스코,1
신촌동,서양식,스테이크,5
신촌동,서양식,스트레스,1
신촌동,서양식,스푼,1
신촌동,서양식,스프,1
신촌동,서양식,시향,1
신촌동,서양식,식사,1
신촌동,서양식,식전,1
신촌동,서양식,신선하다,2
신촌동,서양식,실내음악,1
신촌동,서양식,실내음악 선곡,1
신촌동,서양식,싸다,1
신촌동,서양식,쌀국수,1
신촌동,서양식,아쉽다,1
신촌동,서양식,안주,1
신촌동,서양식,안주 가격,1
신촌동,서양식,안주 부담 없이,1
신촌동,서양식,알품다,1
신촌동,서양식,애매하다,1
신촌동,서양식,양도 많다,3
신촌동,서양식,양식,1
신촌동,서양식,에그,1
신촌동,서양식,에그셀런트,1
신촌동,서양식,엔칠라다,1
신촌동,서양식,엔틱,1
신촌동,서양식,예쁘다,1
신촌동,서양식,예약,1
신촌동,서양식,오랫동안,1
신촌동,서양식,오므라이스,1
신촌동,서양식,와인,3
신촌동,서양식,유플렉스,1
신촌동,서양식,음료,1
신촌동,서양식,음식 맛있다,2
신촌동,서양식,이대,3
신촌동,서양식,이대 브런치,1
신촌동,서양식,이쁘다,2
신촌동,서양식,인테리어,1
신촌동,서양식,일본음식,1
신촌동,서양식,재방문,1
신촌동,서양식,저렴하다,3
신촌동,서양식,저렴하다 가격 파스타,1
신촌동,서양식,적다,1
신촌동,서양식,정확하다,1
신촌동,서양식,조개찜,1
신촌동,서양식,조리도 빨 라서,1
신촌동,서양식,좋다 가성비,1
신촌동,서양식,좋다 안주,1
신촌동,서양식,좋다 혼술,1
신촌동,서양식,진짜 많다,1
신촌동,서양식,참치회,1
신촌동,서양식,창가,1
신촌동,서양식,추천,3
신촌동,서양식,충격적,1
신촌동,서양식,충격적인,1
신촌동,서양식,치즈,3
신촌동,서양식,친구,2
신촌동,서양식,친구 추천,1
신촌동,서양식,친절하다,14
신촌동,서양식,카레,1
신촌동,서양식,캐모마일,1
신촌동,서양식,커리,1
신촌동,서양식,커피,2
신촌동,서양식,커피숍,1
신촌동,서양식,컨셉,1
신촌동,서양식,케이크,1
신촌동,서양식,콩나물,1
신촌동,서양식,쿠바,1
신촌동,서양식,쿠바 샌드위치,1
신촌동,서양식,크다,1
신촌동,서양식,크리미,1
신촌동,서양식,크리미 진하다,1
신촌동,서양식,크림,1
신촌동,서양식,키오스크다,1
신촌동,서양식,타코,4
신촌동,서양식,타코벨,1
신촌동,서양식,태국,1
신촌동,서양식,테이크아웃,1
신촌동,서양식,투움바,1
신촌동,서양식,투움바파스타,1
신촌동,서양식,튀김,2
신촌동,서양식,특별하다,1
신촌동,서양식,티,1
신촌동,서양식,티라미수,1
신촌동,서양식,파스타,14
신촌동,서양식,팟타이,1
신촌동,서양식,페이머스,1
신촌동,서양식,편하다,1
신촌동,서양식,포케,1
신촌동,서양식,플래터,1
신촌동,서양식,플렉스,1
신촌동,서양식,피자,4
신촌동,서양식,피자 치즈,1
신촌동,서양식,피클,1
신촌동,서양식,한잔,1
신촌동,서양식,할로윈,1
신촌동,서양식,할인,1
신촌동,서양식,해장국,1
신촌동,서양식,향,1
신촌동,서양식,혼밥,3
신촌동,서양식,혼밥 좋다,1
신촌동,서양식,홍대,1
신촌동,서양식,화산,1
신촌동,서양식,흑돼지 타코,1
신촌동,일식,1인 사시미 라고,1
신촌동,일식,3 호점 안내,1
신촌동,일식,가게 정갈하다,1
신촌동,일식,가라아게,3
신촌동,일식,가라아게 독특하다,1
신촌동,일식,가라아게 많이,1
신촌동,일식,가라아게 맛있다,1
신촌동,일식,가라아게 진짜,1
신촌동,일식,가볍게 한잔,1
신촌동,일식,가볍다,1
신촌동,일식,가성비,7
신촌동,일식,가성비 별로,1
신촌동,일식,가성비 좋다,1
신촌동,일식,가성비 축,1
신촌동,일식,가성비갑,1
신촌동,일식,가쓰오부시,1
신촌동,일식,가지,1
신촌동,일식,가지 튀김,1
신촌동,일식,가츠동,1
신촌동,일식,감사,1
신촌동,일식,감사 드리다,1
신촌동,일식,감사 드리다 사장님,1
신촌동,일식,감자,1
신촌동,일식,감자 고로케,1
신촌동,일식,개인적,1
신촌동,일식,걱정,1
신촌동,일식,걱정 않다,1
신촌동,일식,건강하다,1
신촌동,일식,건강하다 새해 내주다,1
신촌동,일식,건조하다,1
신촌동,일식,겉바,1
신촌동,일식,겉바속촉 맛있다,1
신촌동,일식,계란,2
신촌동,일식,고기,1
신촌동,일식,괜찮다,3
신촌동,일식,괜찮다 가지,1
신촌동,일식,괜찮다 소세지,1
신촌동,일식,국물,2
신촌동,일식,국물 진국,1
신촌동,일식,굿굿굿,16
신촌동,일식,규카츠,1
신촌동,일식,그냥 냥,1
신촌동,일식,그럭저럭,1
신촌동,일식,그럭저럭 괜찮다,1
신촌동,일식,기다리다,2
신촌동,일식,기본 안주 나누다 먹기,1
신촌동,일식,기분 좋아지다 곳 연어,1
신촌동,일식,김치,1
신촌동,일식,김치 나베,1
신촌동,일식,깔끔하다,8
신촌동,일식,깔끔하다 맛있다,1
신촌동,일식,깔끔한,1
신촌동,일식,깔끔한 매장,2
신촌동,일식,깨끗하다,2
신촌동,일식,꿀맛,1
신촌동,일식,끼우동,1
신촌동,일식,끼우동 진짜,1
신촌동,일식,나쁘다 살다,1
신촌동,일식,남반,1
신촌동,일식,넓다,2
신촌동,일식,노미,1
신촌동,일식,뉘앙스 느껴지다,1
신촌동,일식,느끼하다,1
신촌동,일식,느끼하지 않다 좋다,1
신촌동,일식,늦다,1
신촌동,일식,다양하다,2
신촌동,일식,다양하다 안주,1
신촌동,일식,다양하다 초밥,1
신촌동,일식,단골,1
신촌동,일식,단골 참치 집,1
신촌동,일식,달달,1
신촌동,일식,대신 양,1
신촌동,일식,대중,1
신촌동,일식,대해 주다,1
신촌동,일식,대해 주다 기분,1
신촌동,일식,덮밥,4
신촌동,일식,도착 참치,1
신촌동,일식,도착 참치 정식,1
신촌동,일식,독특하다,1
신촌동,일식,독특하다 맛 나용,1
신촌동,일식,돈가스,3
신촌동,일식,돈까스,6
신촌동,일식,돈까스 겉바속촉,1
신촌동,일식,돈카츠,2
신촌동,일식,돈코츠,2
신촌동,일식,돈코츠 카라,1
신촌동,일식,돌아오다 단골,1
신촌동,일식,딛다,1
신촌동,일식,라멘,3
신촌동,일식,라멘 집,1
신촌동,일식,라면,1
신촌동,일식,랍스터,1
신촌동,일식,러프,1
신촌동,일식,레시,1
신촌동,일식,롤,2
신촌동,일식,롤 러프 레시,1
신촌동,일식,롤 러프 레시 하와이 오니기리,1
신촌동,일식,리필,3
신촌동,일식,마제소바,2
신촌동,일식,마카,1
신촌동,일식,마파두부,1
신촌동,일식,만적다,1
신촌동,일식,만족하다,1
신촌동,일식,만화,1
신촌동,일식,맛 나용,1
신촌동,일식,맛 모습,1
신촌동,일식,맛 좋다,2
신촌동,일식,맛 좋다 가성비 별로 에요,1
신촌동,일식,맛있게 먹다,7
신촌동,일식,맛있다,43
신촌동,일식,맛있다 깨끗하다,1
신촌동,일식,맛있다 성게알군함,1
신촌동,일식,맛있다 연어,1
신촌동,일식,맛있다 친절하다,1
신촌동,일식,맛있다 회,1
신촌동,일식,맛집,8
신촌동,일식,매장 작다,1
신촌동,일식,매콤,1
신촌동,일식,맵다,1
신촌동,일식,맵다라멘,1
신촌동,일식,면,3
신촌동,일식,모밀,1
신촌동,일식,목이버섯,1
신촌동,일식,무료,1
신촌동,일식,문어,1
신촌동,일식,미치다,1
신촌동,일식,믹스,1
신촌동,일식,바질소바,1
신촌동,일식,밥,4
신촌동,일식,백,1
신촌동,일식,백김치,1
신촌동,일식,변하다,1
신촌동,일식,복불복,1
신촌동,일식,부드럽다,3
신촌동,일식,분위기,2
신촌동,일식,뷰,1
신촌동,일식,뷰 좋다,1
신촌동,일식,비비다,1
신촌동,일식,비싸다,2
신촌동,일식,사람 많다,1
신촌동,일식,사시미,1
신촌동,일식,사장님 친철,1
신촌동,일식,사케,4
신촌동,일식,사케동,1
신촌동,일식,샐러드,1
신촌동,일식,생,1
신촌동,일식,생각나다,1
신촌동,일식,생맥주,1
신촌동,일식,서비스,2
신촌동,일식,석류,1
신촌동,일식,성게알군함,1
신촌동,일식,셰프,1
신촌동,일식,셰프 님,1
신촌동,일식,소,1
신촌동,일식,소바,2
신촌동,일식,소바연구소,1
신촌동,일식,소세지 토핑,1
신촌동,일식,소스,5
신촌동,일식,숙주,1
신촌동,일식,스시,2
신촌동,일식,시끄럽다,1
신촌동,일식,식사,2
신촌동,일식,식사 깔끔하다,1
신촌동,일식,신선하다,6
신촌동,일식,신촌역,1
신촌동,일식,싱싱하다,1
신촌동,일식,아기자기하다,1
신촌동,일식,아쉽다,1
신촌동,일식,안심카츠,1
신촌동,일식,안주,3
신촌동,일식,애니,1
신촌동,일식,양 많다,1
신촌동,일식,양 무,1
신촌동,일식,양 무 작다,1
신촌동,일식,양념,1
신촌동,일식,양도적당하다,1
신촌동,일식,얼큰하다,1
신촌동,일식,여거,1
신촌동,일식,여래,1
신촌동,일식,여래 여거,1
신촌동,일식,여우,1
신촌동,일식,역전우동,1
신촌동,일식,연어,6
신촌동,일식,연어초밥,1
신촌동,일식,오꼬노미야끼,1
신촌동,일식,오래되다,1
신촌동,일식,오랜 만 와도,1
신촌동,일식,오리지널,1
신촌동,일식,오마카세,1
신촌동,일식,오버,1
신촌동,일식,오코노미야끼,1
신촌동,일식,우동,3
신촌동,일식,우삼겹살,1
신촌동,일식,웨이팅,2
신촌동,일식,유케동,1
신촌동,일식,육즙,1
신촌동,일식,육회,1
신촌동,일식,음식 맛있다,2
신촌동,일식,이대,1
신촌동,일식,이대 생 라면,1
신촌동,일식,일본,1
신촌동,일식,일식 음식점,1
신촌동,일식,작다,1
신촌동,일식,적다,3
신촌동,일식,적당하다,3
신촌동,일식,적당하다 맛있다,1
신촌동,일식,적절하다,1
신촌동,일식,전통,1
신촌동,일식,전통 강 죠,1
신촌동,일식,정갈하다,1
신촌동,일식,정성스럽다,1
신촌동,일식,정식,2
신촌동,일식,조용하다,1
신촌동,일식,좁다,2
신촌동,일식,즐기다,1
신촌동,일식,진하다,1
신촌동,일식,짜다,2
신촌동,일식,쫄깃,1
신촌동,일식,쯔유,1
신촌동,일식,쯔유 연어,1
신촌동,일식,참치,2
신촌동,일식,참치회,1
신촌동,일식,초밥,4
신촌동,일식,초밥 양도적당하다,1
신촌동,일식,추가,1
신촌동,일식,추천,5
신촌동,일식,춥다,1
신촌동,일식,치즈,1
신촌동,일식,치즈 돈까스,1
신촌동,일식,치킨,1
신촌동,일식,치킨 남반,1
신촌동,일식,친절하다,13
신촌동,일식,친절한 사장님,1
신촌동,일식,카라라멘,1
신촌동,일식,카라라멘마라탕,1
신촌동,일식,카레,3
신촌동,일식,칼칼하다,1
신촌동,일식,크다,1
신촌동,일식,크다우동,1
신촌동,일식,타코,2
신촌동,일식,타코야끼,2
신촌동,일식,테이블,1
신촌동,일식,텐동,1
신촌동,일식,토핑,1
신촌동,일식,튀김,4
신촌동,일식,특등,1
신촌동,일식,특별하다,1
신촌동,일식,포장,1
신촌동,일식,하이볼,2
신촌동,일식,하이볼 종류,1
신촌동,일식,한동안,1
신촌동,일식,행복하다,1
신촌동,일식,혼밥,6
신촌동,일식,혼밥 좋다,4
신촌동,일식,회전초밥집,1
신촌동,일식,횟집,1
신촌동,일식,후리,1
신촌동,일식,후식,1
신촌동,주점,1개 필수 라는,1
신촌동,주점,24인 4 테이블,1
신촌동,주점,2차,1
신촌동,주점,2차로,1
신촌동,주점,2차로 온 게,1
신촌동,주점,30분 만에,1
신촌동,주점,30분 만에 나오다,1
신촌동,주점,3차로,1
신촌동,주점,3차로적절하다,1
신촌동,주점,90년,2
신촌동,주점,90년 대,1
신촌동,주점,90년 대 추억,1
신촌동,주점,가격 싸다,1
신촌동,주점,가격 저렴하다,1
신촌동,주점,가격 착하다,1
신촌동,주점,가격적당하다,1
신촌동,주점,가다 24인,1
신촌동,주점,가볍게 한잔,2
신촌동,주점,가볍다,2
신촌동,주점,가성비,8
신촌동,주점,가성비 술집,1
신촌동,주점,가성비 좋다,6
신촌동,주점,가성비 최고,1
신촌동,주점,가족적 분위기,1
신촌동,주점,간단하게 마시기,1
신촌동,주점,간단하다,1
신촌동,주점,감성,2
신촌동,주점,감자,1
신촌동,주점,감자튀김,2
신촌동,주점,강력,1
신촌동,주점,강력 추천,1
신촌동,주점,강추,2
신촌동,주점,개맛있다,1
신촌동,주점,게임,1
신촌동,주점,계란찜,1
신촌동,주점,계란찜이랑 주먹밥,1
신촌동,주점,고기,1
신촌동,주점,고기 맛있다,1
신촌동,주점,고기질,1
신촌동,주점,고기질 좋다,1
신촌동,주점,고생,1
신촌동,주점,고소하다,1
신촌동,주점,고양이,1
신촌동,주점,골뱅이,1
신촌동,주점,골뱅이 신선하다,1
신촌동,주점,골뱅이탕,1
신촌동,주점,공간 음식,1
신촌동,주점,과일,1
신촌동,주점,과일 소주,1
신촌동,주점,과자,2
신촌동,주점,과자 안주 만,1
신촌동,주점,광어,1
신촌동,주점,광어 사시미,1
신촌동,주점,괜찮다,3
신촌동,주점,괜찮다 습 니당다,1
신촌동,주점,국산,1
신촌동,주점,국산 냉삼만,1
신촌동,주점,굿굿굿,30
신촌동,주점,귀엽다,1
신촌동,주점,기름 살살 녹다,1
신촌동,주점,기름 살살 녹다 졸맛,1
신촌동,주점,기본,5
신촌동,주점,기본 2개다,1
신촌동,주점,기본 과자,1
신촌동,주점,기본 안주,3
신촌동,주점,기분좋다,2
신촌동,주점,김치볶음밥,1
신촌동,주점,김치우동,2
신촌동,주점,깔끔하다,5
신촌동,주점,깜짝,1
신촌동,주점,깨끗하다,1
신촌동,주점,꼬지,1
신촌동,주점,꼬지모,1
신촌동,주점,꼬치,2
신촌동,주점,꼬치 맛있다,1
신촌동,주점,꼬치랑,1
신촌동,주점,꼬치랑 팽이버섯,1
신촌동,주점,끼리 노니 라,1
신촌동,주점,남자직원분,1
신촌동,주점,남자직원분 빼다,1
신촌동,주점,남자직원분 빼다 끼리,1
신촌동,주점,낭만,1
신촌동,주점,낭만 디지다,1
신촌동,주점,낭만 디지다 좋다,1
신촌동,주점,내부 넓다,1
신촌동,주점,냄새,1
신촌동,주점,냅킨,1
신촌동,주점,냅킨 기름,1
신촌동,주점,냉동,1
신촌동,주점,냉동 이라도,1
신촌동,주점,냉동 이라도 이렇게,1
신촌동,주점,냉삼,1
신촌동,주점,넓다,3
신촌동,주점,넓다 괜찮다,1
신촌동,주점,넓다 좋다,1
신촌동,주점,넘어갈수,1
신촌동,주점,넘어서다,1
신촌동,주점,넘어서다 회식,1
신촌동,주점,노래,3
신촌동,주점,논알콜,1
신촌동,주점,논알콜메뉴,1
신촌동,주점,늦다,1
신촌동,주점,다양하다,13
신촌동,주점,다양하다 고르다 맛,1
신촌동,주점,다양하다 맛있다,1
신촌동,주점,다트,1
신촌동,주점,단점,1
신촌동,주점,단체,2
신촌동,주점,단체 모임,1
신촌동,주점,단체 모임 회식 좋다,1
신촌동,주점,달짝지근하다,1
신촌동,주점,닭껍질,2
신촌동,주점,닭껍질 튀김,1
신촌동,주점,닭껍질 튀김 분위기,1
신촌동,주점,닭발,1
신촌동,주점,닭발 좋아하다,1
신촌동,주점,닭발 좋아하다 겁나다,1
신촌동,주점,닭볶음탕,1
신촌동,주점,대패랑,1
신촌동,주점,대학가,1
신촌동,주점,대학가 포차,1
신촌동,주점,대화,3
신촌동,주점,대화 힘들다,1
신촌동,주점,데이트,2
신촌동,주점,도리탕,2
신촌동,주점,도리탕곱창,1
신촌동,주점,도시락,1
신촌동,주점,독특하다,1
신촌동,주점,독특하다 좋다,1
신촌동,주점,디저트,1
신촌동,주점,디저트 맛있다,1
신촌동,주점,딱딱하다,1
신촌동,주점,딱딱하다 아무 맛 안나 고,1
신촌동,주점,딸기,1
신촌동,주점,딸기라떼,1
신촌동,주점,딸기막걸리 꼭꼭,1
신촌동,주점,라떼,1
신촌동,주점,라면,1
신촌동,주점,라인업,1
신촌동,주점,락까페,1
신촌동,주점,락까페 처음인데,1
신촌동,주점,레몬 소주,1
신촌동,주점,룸,2
신촌동,주점,리터,1
신촌동,주점,마시기 좋다,1
신촌동,주점,막걸리,4
신촌동,주점,막걸리 맛있다,1
신촌동,주점,막걸리 맛집,1
신촌동,주점,막걸리 종류,1
신촌동,주점,많다 대화,1
신촌동,주점,말투,1
신촌동,주점,맛 낫다,1
신촌동,주점,맛 특이하다,1
신촌동,주점,맛난 음식,1
신촌동,주점,맛난 음식 먹다,1
신촌동,주점,맛있게 먹다,1
신촌동,주점,맛있다,55
신촌동,주점,맛있다 가성비,1
신촌동,주점,맛있다 감자튀김 다,1
신촌동,주점,맛있다 골뱅이탕,1
신촌동,주점,맛있다 골뱅이탕 강추,1
신촌동,주점,맛있다 두다 포 치킨 계절 과일,1
신촌동,주점,맛있다 막걸리,1
신촌동,주점,맛있다 술 종류,1
신촌동,주점,맛있다 직원분,1
신촌동,주점,맛있다 친절하다,2
신촌동,주점,맛집,9
신촌동,주점,맛집 분위기랑,1
신촌동,주점,망고,1
신촌동,주점,망치,1
신촌동,주점,매실주,1
신촌동,주점,매장 넓다,1
신촌동,주점,맥주,8
신촌동,주점,맥주 종류,1
신촌동,주점,맥주 진심,1
신촌동,주점,맥주 진심 사장님,1
신촌동,주점,머핀,1
신촌동,주점,멋지다,1
신촌동,주점,면,1
신촌동,주점,명물,1
신촌동,주점,모듬초회,1
신촌동,주점,모듬초회 맛있다,1
신촌동,주점,모임,4
신촌동,주점,모츠,1
신촌동,주점,모츠 나베,1
신촌동,주점,모츠 나베 맛있다,1
신촌동,주점,몰랐넹,1
신촌동,주점,몸 흔들다,1
신촌동,주점,무료,1
신촌동,주점,무스,1
신촌동,주점,미역국,1
신촌동,주점,미팅,1
신촌동,주점,바,3
신촌동,주점,바지락,1
신촌동,주점,바지락 술찜,1
신촌동,주점,바지락 술찜 두다,1
신촌동,주점,바텐더 님,1
신촌동,주점,밤새,1
신촌동,주점,버거,1
신촌동,주점,범벅,1
신촌동,주점,벚꽃 감상,1
신촌동,주점,별로,1
신촌동,주점,병,1
신촌동,주점,봉구 비어,1
신촌동,주점,부르다,1
신촌동,주점,부터는,1
신촌동,주점,분위기,29
신촌동,주점,분위기 독특하다,1
신촌동,주점,분위기 좋다,9
신촌동,주점,분위기랑 노래,1
신촌동,주점,불고기파전,1
신촌동,주점,브런치,1
신촌동,주점,비어,1
신촌동,주점,비어 킹,1
신촌동,주점,비어 킹 페페로니 피자,1
신촌동,주점,빵,1
신촌동,주점,빵 페스츄리 라,1
신촌동,주점,사모님,1
신촌동,주점,사모님 두 분,1
신촌동,주점,사모님 두 분 운영 사장님,1
신촌동,주점,사시미,1
신촌동,주점,사장님 사모님 두 분,1
신촌동,주점,사장님 안주,1
신촌동,주점,사진,1
신촌동,주점,삼겹살,1
신촌동,주점,새롭다,1
신촌동,주점,새벽,1
신촌동,주점,새우 샌드위치,1
신촌동,주점,샌드위치,1
신촌동,주점,서비스,1
신촌동,주점,소스랑,1
신촌동,주점,소주,2
신촌동,주점,수술,1
신촌동,주점,수제맥주,1
신촌동,주점,수제맥주 브런치,1
신촌동,주점,수제맥주 음식,1
신촌동,주점,술,14
신촌동,주점,술 맛있다,1
신촌동,주점,술 술술,1
신촌동,주점,술 한잔,1
신촌동,주점,술술,2
신촌동,주점,술술 들어가다,1
신촌동,주점,술집,5
신촌동,주점,슐랭,1
신촌동,주점,스윗,1
신촌동,주점,스트리트,1
신촌동,주점,슬러시막걸리,1
신촌동,주점,시끄럽다,3
신촌동,주점,시끄럽다 움,1
신촌동,주점,시나몬,1
신촌동,주점,신분증 검사,1
신촌동,주점,신선하다,1
신촌동,주점,신선하다 아주,1
신촌동,주점,신촌 분위기,1
신촌동,주점,신촌역,1
신촌동,주점,아늑하다,1
신촌동,주점,아쉽다,2
신촌동,주점,아이스아메리카노,1
신촌동,주점,아주 좋다,1
신촌동,주점,안구,1
신촌동,주점,안주,26
신촌동,주점,안주 기본 2개다,1
신촌동,주점,안주 맛있다,2
신촌동,주점,안주 맛있다인원 수,1
신촌동,주점,안주 안주메뉴,1
신촌동,주점,안주 진짜,1
신촌동,주점,알콜,1
신촌동,주점,양도 생각 보다,1
신촌동,주점,어두침침하다,1
신촌동,주점,어둑하다,1
신촌동,주점,얼그레이,1
신촌동,주점,영접,1
신촌동,주점,예쁘다,2
신촌동,주점,옛날,1
신촌동,주점,오꼬노미야끼,1
신촌동,주점,오뎅,1
신촌동,주점,오뎅 바,1
신촌동,주점,오뎅탕,1
신촌동,주점,오리지널,1
신촌동,주점,옥수,1
신촌동,주점,옥수 수술,1
신촌동,주점,와인,2
신촌동,주점,와인 마시기,1
신촌동,주점,와인 마시기 좋다,1
신촌동,주점,외국인,1
신촌동,주점,외국인 친구,1
신촌동,주점,요리,1
신촌동,주점,원 탑 급,1
신촌동,주점,원 탑 급 이렇다,1
신촌동,주점,위스키,1
신촌동,주점,음식 마음,1
신촌동,주점,음식 맛있다,1
신촌동,주점,음악,6
신촌동,주점,이대,1
신촌동,주점,이쁘다,1
신촌동,주점,인테리어,3
신촌동,주점,인테리어 지다,1
신촌동,주점,자담,1
신촌동,주점,자유롭다,1
신촌동,주점,자유롭다 분위기,1
신촌동,주점,잘알다,1
신촌동,주점,재밌다,3
신촌동,주점,재방문,1
신촌동,주점,재방문의사,1
신촌동,주점,저렴하다,2
신촌동,주점,적다,2
신촌동,주점,적절하다,1
신촌동,주점,전통주,1
신촌동,주점,정중하다,1
신촌동,주점,조용하다 분위기,1
신촌동,주점,존맛,1
신촌동,주점,종류 다양하다,1
신촌동,주점,종류 많다,1
신촌동,주점,좋다 맛있다,1
신촌동,주점,좋다 매장,1
신촌동,주점,좋다 안주,1
신촌동,주점,좋다 와인 마시기,1
신촌동,주점,좋다 장소 에요,1
신촌동,주점,좋다 친절하다 추천 스,1
신촌동,주점,좋다 팝업식 당하다,1
신촌동,주점,주류 종류,1
신촌동,주점,준코,1
신촌동,주점,즐겁다,1
신촌동,주점,즐기다,2
신촌동,주점,지하,2
신촌동,주점,짜파게티,1
신촌동,주점,짜파게티 맛집,1
신촌동,주점,착하다,1
신촌동,주점,채소,1
신촌동,주점,청포도,1
신촌동,주점,추천,8
신촌동,주점,츄리,1
신촌동,주점,치즈,1
신촌동,주점,치킨,1
신촌동,주점,친구,2
신촌동,주점,친구 모임,1
신촌동,주점,친절,1
신촌동,주점,친절하다,24
신촌동,주점,친절하다 가성비,1
신촌동,주점,친절하다 좋다,1
신촌동,주점,친절한 사장님,1
신촌동,주점,친절한 사장님 안주,1
신촌동,주점,친절한 직원분들,1
신촌동,주점,칵테일,8
신촌동,주점,칵테일 종류,1
신촌동,주점,커피,2
신촌동,주점,코다,1
신촌동,주점,코다차야,1
신촌동,주점,쾌적하지,1
신촌동,주점,쾌적하지 않다,1
신촌동,주점,쾌적한,1
신촌동,주점,쾌적한 화장실,1
신촌동,주점,퀄리티,1
신촌동,주점,크림,1
신촌동,주점,테라스,1
신촌동,주점,테이블,1
신촌동,주점,테이블 닭볶음탕,1
신촌동,주점,텐트,1
신촌동,주점,토마토,1
신촌동,주점,투다리,1
신촌동,주점,튀기다,1
신촌동,주점,튀김,2
신촌동,주점,파스타,3
신촌동,주점,파스타 맛집,1
신촌동,주점,파인애플,1
신촌동,주점,파인애플 셔요,1
신촌동,주점,펍,1
신촌동,주점,페스츄리 라,1
신촌동,주점,페페로니 피자,1
신촌동,주점,편하다,1
신촌동,주점,평일,1
신촌동,주점,포차,1
신촌동,주점,포차 친절하다,1
신촌동,주점,표본,1
신촌동,주점,푸짐하다,1
신촌동,주점,푸짐하다 해물파전,1
신촌동,주점,피망,1
신촌동,주점,하이네켄,1
신촌동,주점,하이볼,1
신촌동,주점,한잔,2
신촌동,주점,합리적,1
신촌동,주점,핫 후라이드 ,1
신촌동,주점,해물,1
신촌동,주점,해물파전,2
신촌동,주점,해물파전 김치파전,1
신촌동,주점,향기도,1
신촌동,주점,헌팅,1
신촌동,주점,혼술,2
신촌동,주점,화장실,4
신촌동,주점,화장실 깨끗하다,1
신촌동,주점,회,1
신촌동,주점,회 튀김,1
신촌동,주점,회식,1
신촌동,주점,후라이드,1
신촌동,주점,후회,1
신촌동,주점,흥겹다,1
신촌동,중식,16000원,1
신촌동,중식,5번째,1
신촌동,중식,5번째 방문,1
신촌동,중식,가격 비싸다,1
신촌동,중식,가성비,1
신촌동,중식,가성비 끝내주다,1
신촌동,중식,가성비 좋다,3
신촌동,중식,가지,1
신촌동,중식,가지 튀김,2
신촌동,중식,가지볶음밥,1
신촌동,중식,간짜장,1
신촌동,중식,간짜장 백짬뽕,1
신촌동,중식,감탄,1
신촌동,중식,강하다,1
신촌동,중식,겉바,1
신촌동,중식,고기,2
신촌동,중식,고소하다,1
신촌동,중식,고수,1
신촌동,중식,고수 넣다,1
신촌동,중식,고수 넣다 먹다,1
신촌동,중식,고수 넣다 자꾸 생각나다 맛,1
신촌동,중식,괜찮다,2
신촌동,중식,국물,2
신촌동,중식,국물 두다,1
신촌동,중식,국수,1
신촌동,중식,굿,1
신촌동,중식,굿굿굿,18
신촌동,중식,그릇 크기 맘 들다,1
신촌동,중식,기름,1
신촌동,중식,기린,1
신촌동,중식,기본,1
신촌동,중식,기스면,1
신촌동,중식,깔끔하다,6
신촌동,중식,깨끗하다,1
신촌동,중식,깨끗한 누리다,1
신촌동,중식,깨부수다,1
신촌동,중식,꼬치,8
신촌동,중식,꼬치 양념 느껴지다,1
신촌동,중식,꿔바로우,8
신촌동,중식,꿔바로우 고기,1
신촌동,중식,꿔바로우 소자,1
신촌동,중식,나오다 풀어지다,1
신촌동,중식,냄새,3
신촌동,중식,냄새 이상하다,1
신촌동,중식,넉넉하다 주문,1
신촌동,중식,넓다,3
신촌동,중식,넓다 않다,1
신촌동,중식,넓다 일행,1
신촌동,중식,느끼하지,1
신촌동,중식,느끼하지 않다,1
신촌동,중식,느끼하지 않다 맛있다,1
신촌동,중식,늦다,3
신촌동,중식,다재방문,1
신촌동,중식,단체,1
신촌동,중식,달다,1
신촌동,중식,달달,1
신촌동,중식,달달 바삭,1
신촌동,중식,달달 바삭 두부,1
신촌동,중식,달인,1
신촌동,중식,닭고기,1
신촌동,중식,닭고기 들어가다,1
신촌동,중식,닭고기 시판 되다,1
신촌동,중식,당면,1
신촌동,중식,당황스럽다,1
신촌동,중식,대접,1
신촌동,중식,대치,1
신촌동,중식,덜하다,1
신촌동,중식,덮밥,2
신촌동,중식,도삭면,2
신촌동,중식,도삭면도,1
신촌동,중식,두부,1
신촌동,중식,두유,1
신촌동,중식,두유 맛있다,1
신촌동,중식,디저트,1
신촌동,중식,딤섬,3
신촌동,중식,딤섬 짱 맛있다,1
신촌동,중식,땅콩,1
신촌동,중식,리뷰 쓰다 맛있다,1
신촌동,중식,마라,4
신촌동,중식,마라 집다,1
신촌동,중식,마라반,1
신촌동,중식,마라샹궈,5
신촌동,중식,마라탕,12
신촌동,중식,마라탕 중,1
신촌동,중식,마라탕집,1
신촌동,중식,마파두부,2
신촌동,중식,만두,3
신촌동,중식,만두 맛집 이네 요,1
신촌동,중식,만두 주다,1
신촌동,중식,만원,1
신촌동,중식,만원 넘다,1
신촌동,중식,맛 2단계,1
신촌동,중식,맛 괜찮다,1
신촌동,중식,맛 모르다 보다,1
신촌동,중식,맛 특이하다,1
신촌동,중식,맛있게 먹다,6
신촌동,중식,맛있다,38
신촌동,중식,맛있다 가격,1
신촌동,중식,맛있다 국물,1
신촌동,중식,맛있다 다 들다,1
신촌동,중식,맛있다 동행인,1
신촌동,중식,맛있다 습 니당다,1
신촌동,중식,맛있다 유 3단계,1
신촌동,중식,맛있다 유린기,1
신촌동,중식,맛있다 친절하다,1
신촌동,중식,맛집,8
신촌동,중식,매장 깨끗하다,1
신촌동,중식,맥주,2
신촌동,중식,맥주 1병 물만두,1
신촌동,중식,맵다,3
신촌동,중식,먹기 편리하다 방문,1
신촌동,중식,무난하다,1
신촌동,중식,무난하다 나쁘다,1
신촌동,중식,무한리필,1
신촌동,중식,무한리필 이라,1
신촌동,중식,바삭,1
신촌동,중식,반말,1
신촌동,중식,백년,1
신촌동,중식,백화점,2
신촌동,중식,볶음면,1
신촌동,중식,볶음밥,3
신촌동,중식,부드럽다,1
신촌동,중식,분위기,1
신촌동,중식,불친절하다,1
신촌동,중식,비건,1
신촌동,중식,비싸다,3
신촌동,중식,비싸다 느낌,1
신촌동,중식,뻑뻑,1
신촌동,중식,사장님 바뀌다 마다,1
신촌동,중식,생각나다,1
신촌동,중식,생맥주,1
신촌동,중식,생활,1
신촌동,중식,샤오롱바오,1
신촌동,중식,샹궈,1
신촌동,중식,설명,1
신촌동,중식,세트,1
신촌동,중식,소고기,2
신촌동,중식,소스,5
신촌동,중식,순두부,1
신촌동,중식,식감,1
신촌동,중식,식사,1
신촌동,중식,신선하다,4
신촌동,중식,싫다,1
신촌동,중식,싫다 이벤트,1
신촌동,중식,쓰다,1
신촌동,중식,아쉽다,2
신촌동,중식,안주,2
신촌동,중식,양꼬치,5
신촌동,중식,얼얼하다,1
신촌동,중식,오리지널,2
신촌동,중식,옥수수,1
신촌동,중식,요리,2
신촌동,중식,우육면,1
신촌동,중식,웨이팅,1
신촌동,중식,위생,1
신촌동,중식,음식 맛있다,2
신촌동,중식,이대,1
신촌동,중식,이대마라탕,1
신촌동,중식,일본,1
신촌동,중식,자장면,1
신촌동,중식,적다,2
신촌동,중식,점원,1
신촌동,중식,중국,2
신촌동,중식,중국집,3
신촌동,중식,진짜 맛있다,1
신촌동,중식,짜장,2
신촌동,중식,짜장면,3
신촌동,중식,짬뽕,6
신촌동,중식,쫄깃,1
신촌동,중식,찜,1
신촌동,중식,차슈,1
신촌동,중식,차슈 덮밥,1
신촌동,중식,최악,1
신촌동,중식,추다,1
신촌동,중식,추천,4
신촌동,중식,취향,1
신촌동,중식,친절하다,13
신촌동,중식,친절한 사장님,2
신촌동,중식,탄탄면,1
신촌동,중식,탕,1
신촌동,중식,탕수육,4
신촌동,중식,테바,1
신촌동,중식,토스트,1
신촌동,중식,튀김,2
신촌동,중식,튀김만두,1
신촌동,중식,특별하다,1
신촌동,중식,특색,1
신촌동,중식,특색 고기 찜,1
신촌동,중식,푸짐하다,1
신촌동,중식,하이볼,1
신촌동,중식,한 입 토스트,1
신촌동,중식,향,1
신촌동,중식,현지,1
신촌동,중식,호탕마라탕,1
신촌동,중식,혼밥,2
신촌동,중식,홍콩,1
신촌동,중식,홍합,1
신촌동,중식,회식,1
신촌동,중식,훠궈,1
신촌동,카페,13000원,1
신촌동,카페,16700원,1
신촌동,카페,1994 배경,1
신촌동,카페,2200원,1
신촌동,카페,24시,1
신촌동,카페,24시간,3
신촌동,카페,25000원,1
신촌동,카페,2천원,1
신촌동,카페,2천원 보통,1
신촌동,카페,3500원,1
신촌동,카페,3500원인데 펄,1
신촌동,카페,5개,1
신촌동,카페,9500원,1
신촌동,카페,가게 컨셉,1
신촌동,카페,가게 협소,1
신촌동,카페,가격 싸다,1
신촌동,카페,가격 쎄다,1
신촌동,카페,가격 저렴하다,1
신촌동,카페,가격 착하다,2
신촌동,카페,가격 친절하다,1
신촌동,카페,가격적당하다,1
신촌동,카페,가끔 마시다,1
신촌동,카페,가득 들다,1
신촌동,카페,가득가득,1
신촌동,카페,가득가득 들다,1
신촌동,카페,가볍게 먹다,1
신촌동,카페,가볍다,2
신촌동,카페,가성비,15
신촌동,카페,가성비 맛있다,1
신촌동,카페,가성비 좋다,5
신촌동,카페,가족끼리,3
신촌동,카페,간단하게식사 좋다,1
신촌동,카페,간단하다,1
신촌동,카페,간식,1
신촌동,카페,감동,1
신촌동,카페,감미 롭고 은은하다,1
신촌동,카페,감미롭다 추천,1
신촌동,카페,감사하다,2
신촌동,카페,감사하다 덕분,1
신촌동,카페,감성,1
신촌동,카페,감자,1
신촌동,카페,감자튀김,2
신촌동,카페,갓성비,1
신촌동,카페,갓성비 이디야 에요,1
신촌동,카페,강아지,1
신촌동,카페,강하다,1
신촌동,카페,강하다 치즈케이크,1
신촌동,카페,개업,1
신촌동,카페,개업 날,1
신촌동,카페,개인적,1
신촌동,카페,개존맛,1
신촌동,카페,거주,1
신촌동,카페,거주 우연히,1
신촌동,카페,건강하다,2
신촌동,카페,건강하다빵,1
신촌동,카페,겉바,1
신촌동,카페,겉바속촉,2
신촌동,카페,겉바속촉인 크로플,1
신촌동,카페,겨울,1
신촌동,카페,결정,1
신촌동,카페,계란,1
신촌동,카페,계란 냄새 나다,1
신촌동,카페,계란 냄새 나다 그렇다,1
신촌동,카페,고구마,1
신촌동,카페,고소하다,2
신촌동,카페,고소하다 끝,1
신촌동,카페,고소하다 밀도,1
신촌동,카페,고소하다 부드러움,1
신촌동,카페,곰돌이,1
신촌동,카페,곰돌이 초,1
신촌동,카페,공간 넓다,1
신촌동,카페,공간 예쁘다,1
신촌동,카페,공간 커피,1
신촌동,카페,공룡,1
신촌동,카페,공부,8
신촌동,카페,공부 사장님,1
신촌동,카페,공부하기 좋다,2
신촌동,카페,공사,1
신촌동,카페,공차,2
신촌동,카페,과일,6
신촌동,카페,과일 아이스크림 와플,1
신촌동,카페,과일 쥬스 먹다,1
신촌동,카페,과자,2
신촌동,카페,괜찮다,4
신촌동,카페,구움 과자,1
신촌동,카페,굿 원두,1
신촌동,카페,굿굿굿,63
신촌동,카페,귀엽다,5
신촌동,카페,귀엽다 곰돌이,1
신촌동,카페,귀엽다 맛있다,1
신촌동,카페,그냥 저만,1
신촌동,카페,그릭 요거트,3
신촌동,카페,그릭 요거트 요거트,3
신촌동,카페,근처 비건카페,1
신촌동,카페,급하다,1
신촌동,카페,기다리다,1
신촌동,카페,기분 나쁘다,1
신촌동,카페,기프티콘,1
신촌동,카페,기프티콘 사용,1
신촌동,카페,까페,1
신촌동,카페,깔끔하다,5
신촌동,카페,깔끔하다 편하다,1
신촌동,카페,깨끗하다,2
신촌동,카페,꼭,1
신촌동,카페,꾸덕하다,2
신촌동,카페,꿀,1
신촌동,카페,끝판,1
신촌동,카페,끝판 왕,1
신촌동,카페,나쁘다 불친절하다,1
신촌동,카페,남기다,2
신촌동,카페,남기다 반 짜다 리도,1
신촌동,카페,낭시,2
신촌동,카페,냄새,1
신촌동,카페,넓다,13
신촌동,카페,넓다 공간 이라,1
신촌동,카페,넓다 공간 이라 좋다,1
신촌동,카페,넓다 공부,1
신촌동,카페,넓다 사장님,1
신촌동,카페,넓다 음료,1
신촌동,카페,넓다 자리,1
신촌동,카페,넓다 좋다,1
신촌동,카페,넓다 편인데,1
신촌동,카페,넘사벽 이라,1
신촌동,카페,넛라떼,1
신촌동,카페,네스퀵,1
신촌동,카페,노 밀크,1
신촌동,카페,노트북,1
신촌동,카페,노트북 업무 느낌,1
신촌동,카페,녹스,1
신촌동,카페,누텔라,1
신촌동,카페,느끼하다,1
신촌동,카페,다방,2
신촌동,카페,다양하다,7
신촌동,카페,다양하다 멋지다,1
신촌동,카페,다양하다 케이크,1
신촌동,카페,다이어터,1
신촌동,카페,다이어터 다이어트,1
신촌동,카페,다이어트,1
신촌동,카페,다이어트 중인데,1
신촌동,카페,단골,2
신촌동,카페,단골 가족,1
신촌동,카페,단골 가족 출첵,1
신촌동,카페,단골 새롭다,1
신촌동,카페,단종,1
신촌동,카페,단종 되다,1
신촌동,카페,단체,1
신촌동,카페,달다,4
신촌동,카페,달다 않다,2
신촌동,카페,달달,2
신촌동,카페,달달 일반,1
신촌동,카페,달리다,1
신촌동,카페,달콤하다,1
신촌동,카페,당근,1
신촌동,카페,당황,1
신촌동,카페,당황스럽다,2
신촌동,카페,당황스럽다 그만큼,1
신촌동,카페,대 해주시 고,1
신촌동,카페,대박나다,1
신촌동,카페,대부분,1
신촌동,카페,대신 좌석,1
신촌동,카페,대오면,1
신촌동,카페,대오면 꼭 먹다 보다 야하다 카페,1
신촌동,카페,대용량,1
신촌동,카페,대체 유,1
신촌동,카페,대화,6
신촌동,카페,대화 가기,1
신촌동,카페,대화하기 좋다,4
신촌동,카페,던킨,1
신촌동,카페,데이트,1
신촌동,카페,도넛,3
신촌동,카페,도장,1
신촌동,카페,독특하다,1
신촌동,카페,동그라미,1
신촌동,카페,두부,1
신촌동,카페,두부 맛있다,1
신촌동,카페,듬뿍,1
신촌동,카페,디자인,1
신촌동,카페,디저트,11
신촌동,카페,디저트 다양하다,1
신촌동,카페,디저트 맛있다,2
신촌동,카페,따끈하다,1
신촌동,카페,따끈하다 커피,1
신촌동,카페,따뜻하다,3
신촌동,카페,따뜻하다 겉바속촉인,1
신촌동,카페,딸기,4
신촌동,카페,딸기 라즈베리 청개 도르다 놈,1
신촌동,카페,딸기 우유,1
신촌동,카페,딸기 우유 맛,1
신촌동,카페,딸기 쥬얼리,1
신촌동,카페,딸기 타르트,1
신촌동,카페,딸기라떼,1
신촌동,카페,떡,1
신촌동,카페,떼다,1
신촌동,카페,뚜껑,1
신촌동,카페,뜨다,1
신촌동,카페,라떼,13
신촌동,카페,라떼 맛있다,1
신촌동,카페,라떼아트,1
신촌동,카페,라떼아트 컵 케잌,1
신촌동,카페,라테,1
신촌동,카페,레디,1
신촌동,카페,렌카,1
신촌동,카페,루프탑,1
신촌동,카페,리면,1
신촌동,카페,리모델링,1
신촌동,카페,리화,1
신촌동,카페,리화인 단골 가족,1
신촌동,카페,마들렌,1
신촌동,카페,마시기 좋다,1
신촌동,카페,마카롱,3
신촌동,카페,막,1
신촌동,카페,만원,1
신촌동,카페,만족,1
신촌동,카페,말차,2
신촌동,카페,맑은,1
신촌동,카페,맑은 스타일,1
신촌동,카페,맛 여전하다,1
신촌동,카페,맛 좋다,1
신촌동,카페,맛난 음료 배부르다,1
신촌동,카페,맛있게 먹다,1
신촌동,카페,맛있다,117
신촌동,카페,맛있다 달달,1
신촌동,카페,맛있다 맥주,1
신촌동,카페,맛있다 밀크티,1
신촌동,카페,맛있다 이대점,1
신촌동,카페,맛있다 자주 구매 해 요,1
신촌동,카페,맛있다 자주 주문,1
신촌동,카페,맛있다 추천,1
신촌동,카페,맛있다 카공,1
신촌동,카페,맛있다 커피,1
신촌동,카페,맛집,4
신촌동,카페,망고라떼,1
신촌동,카페,매니저,1
신촌동,카페,매니저 님,1
신촌동,카페,매머드,1
신촌동,카페,매머드 아이스아메리카노,1
신촌동,카페,매장 넓다,5
신촌동,카페,매장 사장님,1
신촌동,카페,맥주,1
신촌동,카페,머그잔,1
신촌동,카페,머그잔 받다,1
신촌동,카페,머드,1
신촌동,카페,멋지다,1
신촌동,카페,메뉴 준비 되다,1
신촌동,카페,명란 바게트,1
신촌동,카페,모델링,1
신촌동,카페,몽블랑,1
신촌동,카페,무염,1
신촌동,카페,민초,1
신촌동,카페,밀크,1
신촌동,카페,밀크티,10
신촌동,카페,밀크티 맛있다,2
신촌동,카페,밀크티 맛집 이라고,1
신촌동,카페,밀크티 존맛있다,1
신촌동,카페,밀크티 진짜,1
신촌동,카페,밀크티 찐 맛집,1
신촌동,카페,바,1
신촌동,카페,바나나,1
신촌동,카페,바닐라,1
신촌동,카페,바닐라라떼,1
신촌동,카페,바쁘다,1
신촌동,카페,바쁘다 아침,1
신촌동,카페,바삭,2
신촌동,카페,배부르다,2
신촌동,카페,백화점,1
신촌동,카페,버거,1
신촌동,카페,버블티,2
신촌동,카페,버섯,2
신촌동,카페,버터,4
신촌동,카페,베 라,1
신촌동,카페,베다 샌드위치,1
신촌동,카페,베이글,2
신촌동,카페,베이커리,1
신촌동,카페,별로,2
신촌동,카페,병원,3
신촌동,카페,병원 가다,1
신촌동,카페,보시면,1
신촌동,카페,부드럽다,3
신촌동,카페,부드럽다 진짜 존맛,1
신촌동,카페,분위기,20
신촌동,카페,분위기 좋다,11
신촌동,카페,불고기,1
신촌동,카페,불친절,1
신촌동,카페,불친절하다,2
신촌동,카페,불쾌하다,1
신촌동,카페,불쾌하다 자식 사다,1
신촌동,카페,불편하다,1
신촌동,카페,뷰,6
신촌동,카페,뷰 좋다,1
신촌동,카페,브라우니,1
신촌동,카페,브라운,1
신촌동,카페,브런치,2
신촌동,카페,블루베리,1
신촌동,카페,비건,5
신촌동,카페,비건 도넛,1
신촌동,카페,비싸다,4
신촌동,카페,빙수,2
신촌동,카페,빠르다,1
신촌동,카페,빨리 나오다,1
신촌동,카페,빵,14
신촌동,카페,빵 맛있다,2
신촌동,카페,빵집,2
신촌동,카페,빽다방,1
신촌동,카페,사다 않다,1
신촌동,카페,사면,1
신촌동,카페,사진,1
신촌동,카페,산미,1
신촌동,카페,산미 없다,1
신촌동,카페,삶,1
신촌동,카페,삶 과일,1
신촌동,카페,상큼,1
신촌동,카페,상품권,1
신촌동,카페,상한,1
신촌동,카페,새다 디,1
신촌동,카페,새벽,1
신촌동,카페,샌드위치,6
신촌동,카페,샌드위치 먹다,1
신촌동,카페,샐러드,2
신촌동,카페,생,1
신촌동,카페,생 과일,1
신촌동,카페,생 과일 주스,1
신촌동,카페,생각 보다,1
신촌동,카페,생각나다,1
신촌동,카페,생강,1
신촌동,카페,생일,1
신촌동,카페,샷,1
신촌동,카페,서비스,2
신촌동,카페,선물 좋다,1
신촌동,카페,세트,1
신촌동,카페,소금빵,2
신촌동,카페,소스,1
신촌동,카페,소프트 아이스크림,1
신촌동,카페,솔리드,1
신촌동,카페,솔리드 웍스,1
신촌동,카페,쇼츠알바생 처럼,1
신촌동,카페,수버거,1
신촌동,카페,수제,1
신촌동,카페,슈페,1
신촌동,카페,스무디,2
신촌동,카페,스콘,2
신촌동,카페,스터디,1
신촌동,카페,스페셜,3
신촌동,카페,시간제,1
신촌동,카페,시끄럽다,1
신촌동,카페,시원하다,1
신촌동,카페,시큼하다,1
신촌동,카페,시판,1
신촌동,카페,식감,1
신촌동,카페,식사,2
신촌동,카페,신기하다,2
신촌동,카페,신선하다,4
신촌동,카페,싱싱하다,2
신촌동,카페,싱싱하다 딸기,1
신촌동,카페,싸다,2
신촌동,카페,쌀,1
신촌동,카페,쌀 만들다,1
신촌동,카페,쎄다 공부,1
신촌동,카페,쓰다,1
신촌동,카페,씹다,1
신촌동,카페,아늑하다,1
신촌동,카페,아늑하다 얘기,1
신촌동,카페,아담하다,1
신촌동,카페,아메리카노,6
신촌동,카페,아메리카노 맛있다,2
신촌동,카페,아메리카노랑,1
신촌동,카페,아몬드프레즐,1
신촌동,카페,아보카도,1
신촌동,카페,아샷추,1
신촌동,카페,아쉽다,5
신촌동,카페,아이스,2
신촌동,카페,아이스 아메리카노,1
신촌동,카페,아이스 아메리카노 맛있다,1
신촌동,카페,아이스아메리카노,3
신촌동,카페,아이스크림,4
신촌동,카페,아인슈페너,1
신촌동,카페,아저씨 친절하다,1
신촌동,카페,아주 좋다,1
신촌동,카페,안과,1
신촌동,카페,안좋다,1
신촌동,카페,안주,2
신촌동,카페,알바생,3
신촌동,카페,알바생 처럼,1
신촌동,카페,알바생 처럼 휘핑,1
신촌동,카페,앙버터,1
신촌동,카페,양배추,1
신촌동,카페,어르신,1
신촌동,카페,어울리다,2
신촌동,카페,얼그레이,1
신촌동,카페,얼음,1
신촌동,카페,엄청나다,1
신촌동,카페,에가,1
신촌동,카페,에그타르트,1
신촌동,카페,여유,1
신촌동,카페,연대,1
신촌동,카페,연어,1
신촌동,카페,영업,1
신촌동,카페,예쁘다,9
신촌동,카페,예약,1
신촌동,카페,오래되다,1
신촌동,카페,오래되다 푹푹,1
신촌동,카페,오랜 만 먹다,1
신촌동,카페,올리브,1
신촌동,카페,와인,1
신촌동,카페,와플,7
신촌동,카페,와플 맛있다,1
신촌동,카페,요거트,4
신촌동,카페,용량,1
신촌동,카페,우삼겹살,1
신촌동,카페,우유,1
신촌동,카페,웃,1
신촌동,카페,원 없이 커피,1
신촌동,카페,원 없이 커피 짱 맛,1
신촌동,카페,원 탑,1
신촌동,카페,원두,1
신촌동,카페,원하다 좌석,1
신촌동,카페,유명하다,1
신촌동,카페,유자차,1
신촌동,카페,유청,1
신촌동,카페,유플렉스,1
신촌동,카페,은근 넓다,1
신촌동,카페,음료,25
신촌동,카페,음료 맛있다,3
신촌동,카페,음료 빨리,1
신촌동,카페,의자 푹신하다,1
신촌동,카페,이대,5
신촌동,카페,이디야,2
신촌동,카페,이벤트,1
신촌동,카페,이쁘다,2
신촌동,카페,이삭,2
신촌동,카페,이삭 토스트,1
신촌동,카페,이삭 토스트 맛있다,1
신촌동,카페,이야기,1
신촌동,카페,이야기 좋다,1
신촌동,카페,이화당,1
신촌동,카페,인테리어,8
신촌동,카페,자리 많다,1
신촌동,카페,자몽,1
신촌동,카페,자주 방문,1
신촌동,카페,자주 오다,1
신촌동,카페,작다,2
신촌동,카페,잠봉뵈르,1
신촌동,카페,재료 신선하다,1
신촌동,카페,저렴,1
신촌동,카페,저렴하다,3
신촌동,카페,적다,1
신촌동,카페,적당하다,2
신촌동,카페,전통,1
신촌동,카페,전통빵집,1
신촌동,카페,점장님,1
신촌동,카페,젤라또,2
신촌동,카페,젤라또 맛있다,1
신촌동,카페,조용하다,12
신촌동,카페,조용하다 분위기,1
신촌동,카페,존맛,1
신촌동,카페,존맛탱,1
신촌동,카페,졸업,1
신촌동,카페,종류 많다,1
신촌동,카페,좋다 맛있다,1
신촌동,카페,좋다 매장,1
신촌동,카페,주스,4
신촌동,카페,주스 맛있다,1
신촌동,카페,주차장,1
신촌동,카페,쥬얼리,1
신촌동,카페,즐기다,1
신촌동,카페,진짜 맛있다,2
신촌동,카페,진짜 진하다,1
신촌동,카페,진하다,3
신촌동,카페,진하다 맛있다,1
신촌동,카페,집중,1
신촌동,카페,짜다,1
신촌동,카페,짭짤하다,1
신촌동,카페,짱 맛,1
신촌동,카페,짱짱,1
신촌동,카페,쫄깃,1
신촌동,카페,초록,1
신촌동,카페,초코,4
신촌동,카페,촉촉하다,1
신촌동,카페,최애,1
신촌동,카페,추억,1
신촌동,카페,추천,5
신촌동,카페,출첵,1
신촌동,카페,치아바타,1
신촌동,카페,치즈,6
신촌동,카페,치즈케이크,1
신촌동,카페,친구들이랑,1
신촌동,카페,친절,1
신촌동,카페,친절하다,52
신촌동,카페,친절한 사장님,1
신촌동,카페,카공,2
신촌동,카페,카공 좋다,1
신촌동,카페,카야,1
신촌동,카페,카이,1
신촌동,카페,카이막,1
신촌동,카페,칵테일,1
신촌동,카페,캐모마일,1
신촌동,카페,커피,45
신촌동,카페,커피 디저트,1
신촌동,카페,커피 마시기,1
신촌동,카페,커피 맛있다,7
신촌동,카페,커피 세트,1
신촌동,카페,커피 좋다,1
신촌동,카페,컴 포즈,1
신촌동,카페,컴포즈,1
신촌동,카페,케이크,7
신촌동,카페,케익,3
신촌동,카페,케잌,1
신촌동,카페,코커스,1
신촌동,카페,쾌적하다 디저트,1
신촌동,카페,쿠나,1
신촌동,카페,쿠키,5
신촌동,카페,쿠키 맛있다,1
신촌동,카페,크기,1
신촌동,카페,크다,1
신촌동,카페,크럼블,1
신촌동,카페,크레페,1
신촌동,카페,크로플,5
신촌동,카페,크림,9
신촌동,카페,크림 치즈,2
신촌동,카페,클래식,1
신촌동,카페,키오스크다,2
신촌동,카페,타르트,2
신촌동,카페,테라스,1
신촌동,카페,테이블,2
신촌동,카페,테이크아웃,3
신촌동,카페,토끼,1
신촌동,카페,토네이도,1
신촌동,카페,토네이도소스,1
신촌동,카페,토스트,4
신촌동,카페,토스트 맛있다,1
신촌동,카페,토피,2
신촌동,카페,토핑,3
신촌동,카페,통로,1
신촌동,카페,튀김,1
신촌동,카페,특별하다,1
신촌동,카페,티,4
신촌동,카페,티라미수,1
신촌동,카페,파스쿠찌,1
신촌동,카페,파스타,1
신촌동,카페,파티,1
신촌동,카페,팥,2
신촌동,카페,팥빙수,1
신촌동,카페,팥빵,1
신촌동,카페,팩,1
신촌동,카페,팬케이크,1
신촌동,카페,퍽퍽,1
신촌동,카페,펄,3
신촌동,카페,편안하다,2
신촌동,카페,편이,1
신촌동,카페,편하다,6
신촌동,카페,포만,1
신촌동,카페,포인트,1
신촌동,카페,포장,3
신촌동,카페,폭탄,1
신촌동,카페,폼프,1
신촌동,카페,푸딩,2
신촌동,카페,풍미,1
신촌동,카페,프레즐,2
신촌동,카페,플레이,1
신촌동,카페,플레이팅,1
신촌동,카페,플레인,2
신촌동,카페,플렉스,1
신촌동,카페,피스타치오,1
신촌동,카페,피자,2
신촌동,카페,필라프,1
신촌동,카페,학교 앞,1
신촌동,카페,학생,1
신촌동,카페,한잔,2
신촌동,카페,한잔 여유,1
신촌동,카페,한적하다,1
신촌동,카페,한적하다 좋다,1
신촌동,카페,한지,1
신촌동,카페,할인,3
신촌동,카페,합리적,1
신촌동,카페,핫초코,1
신촌동,카페,해리포터,1
신촌동,카페,햄,2
신촌동,카페,햄버거,1
신촌동,카페,행사,1
신촌동,카페,향,3
신촌동,카페,홀 케이크,1
신촌동,카페,홍차,1
신촌동,카페,휘낭시에 에가,1
신촌동,카페,흡연실,1
신촌동,패스트푸드,가성비,5
신촌동,패스트푸드,가성비 나쁘지 않다 듯 요,1
신촌동,패스트푸드,가성비 좋다,2
신촌동,패스트푸드,가족끼리,1
신촌동,패스트푸드,갈비,1
신촌동,패스트푸드,감자,3
신촌동,패스트푸드,감자튀김,5
신촌동,패스트푸드,고추,1
신촌동,패스트푸드,고추바사삭,1
신촌동,패스트푸드,공간 넓다,1
신촌동,패스트푸드,괜찮다,1
신촌동,패스트푸드,교촌,1
신촌동,패스트푸드,교촌 매장,1
신촌동,패스트푸드,굿,1
신촌동,패스트푸드,굿굿,1
신촌동,패스트푸드,굿굿굿,13
신촌동,패스트푸드,귀엽다,1
신촌동,패스트푸드,깔끔하다,2
신촌동,패스트푸드,나쁘지 않다,1
신촌동,패스트푸드,나쁘지 않다 듯 요,1
신촌동,패스트푸드,내일 낮,1
신촌동,패스트푸드,넓다,3
신촌동,패스트푸드,넓다 많다,1
신촌동,패스트푸드,넓다 좋다,1
신촌동,패스트푸드,네네,1
신촌동,패스트푸드,네네 치킨,1
신촌동,패스트푸드,네네랑 봉구 스,1
신촌동,패스트푸드,늦다,1
신촌동,패스트푸드,달달,2
신촌동,패스트푸드,달달 만나다,1
신촌동,패스트푸드,닭,3
신촌동,패스트푸드,닭 좋다,1
신촌동,패스트푸드,닭 쫄깃함,1
신촌동,패스트푸드,닭강정,1
신촌동,패스트푸드,닭고기,1
신촌동,패스트푸드,두툼하다하다,1
신촌동,패스트푸드,드세다,1
신촌동,패스트푸드,듬뿍,1
신촌동,패스트푸드,디저트,1
신촌동,패스트푸드,따숩,1
신촌동,패스트푸드,딸기,2
신촌동,패스트푸드,떡볶이,1
신촌동,패스트푸드,랜덤,1
신촌동,패스트푸드,러스트,1
신촌동,패스트푸드,롯데리아,1
신촌동,패스트푸드,링클,1
신촌동,패스트푸드,맘스터치,1
신촌동,패스트푸드,맛 나용,1
신촌동,패스트푸드,맛 좋다,1
신촌동,패스트푸드,맛있게 먹다,3
신촌동,패스트푸드,맛있다,23
신촌동,패스트푸드,맛있다 가성비,1
신촌동,패스트푸드,맛있다 멀다,1
신촌동,패스트푸드,맛있다 서비스,1
신촌동,패스트푸드,맛있다 직화 파인애플이랑,1
신촌동,패스트푸드,맛있다 청결하다,1
신촌동,패스트푸드,맛있다 치즈,1
신촌동,패스트푸드,맛있다 피자,1
신촌동,패스트푸드,매운맛,1
신촌동,패스트푸드,매장 먹다,1
신촌동,패스트푸드,맥주,2
신촌동,패스트푸드,맵다,1
신촌동,패스트푸드,무난하다,1
신촌동,패스트푸드,무료,1
신촌동,패스트푸드,바사삭,1
신촌동,패스트푸드,바삭,1
신촌동,패스트푸드,바삭 맛있다,1
신촌동,패스트푸드,밥,1
신촌동,패스트푸드,배달,1
신촌동,패스트푸드,배달 늦다,1
신촌동,패스트푸드,버거,1
신촌동,패스트푸드,버터,1
신촌동,패스트푸드,봉구,1
신촌동,패스트푸드,봉구 스,1
신촌동,패스트푸드,부드럽다,2
신촌동,패스트푸드,부분 좋다,1
신촌동,패스트푸드,불때,1
신촌동,패스트푸드,비위생적,1
신촌동,패스트푸드,빠르다,1
신촌동,패스트푸드,빠르다 제조 해주다,1
신촌동,패스트푸드,뿌링클,1
신촌동,패스트푸드,뿌링클 맛있다,1
신촌동,패스트푸드,뿌링클 삭 한,1
신촌동,패스트푸드,사람 많다,1
신촌동,패스트푸드,사랑,1
신촌동,패스트푸드,새콤하다,1
신촌동,패스트푸드,서비스,2
신촌동,패스트푸드,세트,1
신촌동,패스트푸드,소스,2
신촌동,패스트푸드,수제버거,1
신촌동,패스트푸드,수플레,1
신촌동,패스트푸드,숨다,1
신촌동,패스트푸드,숮불 치킨 맛있다,1
신촌동,패스트푸드,스페셜,1
신촌동,패스트푸드,스페셜 원두,1
신촌동,패스트푸드,싱가포르,1
신촌동,패스트푸드,싸다,1
신촌동,패스트푸드,싸이버거,1
신촌동,패스트푸드,양 많다,1
신촌동,패스트푸드,양념,1
신촌동,패스트푸드,양념치킨,1
신촌동,패스트푸드,양도 많다,1
신촌동,패스트푸드,언제나 맛있다,1
신촌동,패스트푸드,역시 뿌링클,1
신촌동,패스트푸드,오랫,1
신촌동,패스트푸드,오랫 만,1
신촌동,패스트푸드,오랫 만 방문,1
신촌동,패스트푸드,요가,1
신촌동,패스트푸드,원두,1
신촌동,패스트푸드,음료,1
신촌동,패스트푸드,음식 맛있다 친절하다,1
신촌동,패스트푸드,이대,1
신촌동,패스트푸드,일요일,1
신촌동,패스트푸드,저녁,1
신촌동,패스트푸드,저렴하다,1
신촌동,패스트푸드,정도적당 해보다,1
신촌동,패스트푸드,제일 맛있다,1
신촌동,패스트푸드,조각,1
신촌동,패스트푸드,좁다,1
신촌동,패스트푸드,좋다 맛있다,1
신촌동,패스트푸드,좋다 방문 포장면,1
신촌동,패스트푸드,좋다 크러스트,1
신촌동,패스트푸드,주차 팁,1
신촌동,패스트푸드,지코바,1
신촌동,패스트푸드,지코바 맛,1
신촌동,패스트푸드,직화,1
신촌동,패스트푸드,진짜 맛있다,1
신촌동,패스트푸드,청결하다,1
신촌동,패스트푸드,청결한 편,1
신촌동,패스트푸드,추천,1
신촌동,패스트푸드,치즈,2
신촌동,패스트푸드,치킨,7
신촌동,패스트푸드,치킨 맛있다,1
신촌동,패스트푸드,치킨라이스,1
신촌동,패스트푸드,친절하다,7
신촌동,패스트푸드,커서,1
신촌동,패스트푸드,커피,2
신촌동,패스트푸드,케이크,1
신촌동,패스트푸드,콤보,1
신촌동,패스트푸드,콤비네이션,1
신촌동,패스트푸드,크다,3
신촌동,패스트푸드,크림,1
신촌동,패스트푸드,튀김,1
신촌동,패스트푸드,파스타,2
신촌동,패스트푸드,파인애플,1
신촌동,패스트푸드,팬케이크,1
신촌동,패스트푸드,편하다,1
신촌동,패스트푸드,포장,4
신촌동,패스트푸드,포장 맛있다,1
신촌동,패스트푸드,피자,7
신촌동,패스트푸드,할인,1
신촌동,패스트푸드,핵꿀맛,1
신촌동,패스트푸드,햄버거,1
신촌동,패스트푸드,혼밥,2
신촌동,패스트푸드,확실하다,1
신촌동,한식,131점심,1
신촌동,한식,1만,1
신촌동,한식,1만 8천원,1
신촌동,한식,1위 신촌 부추곱창,1
신촌동,한식,1인 8천원,1
신촌동,한식,1층 보다 2층,1
신촌동,한식,24시간,1
신촌동,한식,2차로,1
신촌동,한식,2층 가세 요,1
신촌동,한식,2층 조용하다,1
신촌동,한식,30분 넘게,1
신촌동,한식,30분 넘게 기다리다,1
신촌동,한식,32000원,1
신촌동,한식,3명,1
신촌동,한식,3명 먹기,1
신촌동,한식,6000원,1
신촌동,한식,6500원,1
신촌동,한식,6명 이서,1
신촌동,한식,8천원,2
신촌동,한식,가게 앞,1
신촌동,한식,가게 힙한,1
신촌동,한식,가격 가능하다,1
신촌동,한식,가격 사악하다,1
신촌동,한식,가격 좋다,1
신촌동,한식,가격 착하다,1
신촌동,한식,가격 회덮밥,1
신촌동,한식,가격대비 좋다,1
신촌동,한식,가득 담다,1
신촌동,한식,가득하다,3
신촌동,한식,가면볶음,1
신촌동,한식,가볍게 혼밥,1
신촌동,한식,가볍다,1
신촌동,한식,가성비,30
신촌동,한식,가성비 괜찮다,1
신촌동,한식,가성비 대박,1
신촌동,한식,가성비 떨어지다,1
신촌동,한식,가성비 좋다,16
신촌동,한식,가성비 좋다 거,1
신촌동,한식,가성비 좋다 동기 끼리,1
신촌동,한식,가성비 최고,1
신촌동,한식,가성비 훌륭하다,1
신촌동,한식,가시면 장어탕이랑,1
신촌동,한식,가장 많이,1
신촌동,한식,가지,2
신촌동,한식,가지 덮밥,1
신촌동,한식,간단하게 먹고다,1
신촌동,한식,간단하다,1
신촌동,한식,간이,1
신촌동,한식,간이 맞다,1
신촌동,한식,간장,1
신촌동,한식,간장게장,1
신촌동,한식,간장게장 없다,1
신촌동,한식,간편하다,1
신촌동,한식,갈릭,1
신촌동,한식,갈릭 찜닭,1
신촌동,한식,갈릭 찜닭 근본,1
신촌동,한식,갈매기,2
신촌동,한식,갈매기 살이 에요,1
신촌동,한식,갈매기살,3
신촌동,한식,갈매기살 아니다,1
신촌동,한식,갈비,5
신촌동,한식,갈비 고기,1
신촌동,한식,갈비 고기 맛있다,1
신촌동,한식,갈비찜,1
신촌동,한식,갈비탕,3
신촌동,한식,갈비탕 먹다,1
신촌동,한식,갈비탕 한 그릇,1
신촌동,한식,갈치,1
신촌동,한식,감기,1
신촌동,한식,감기 들다,1
신촌동,한식,감기 재료,1
신촌동,한식,감사,1
신촌동,한식,감사하다,3
신촌동,한식,감자,2
신촌동,한식,감자전,1
신촌동,한식,감자탕,2
신촌동,한식,갓김치,1
신촌동,한식,강력,1
신촌동,한식,강추,3
신촌동,한식,강추 묵은지,1
신촌동,한식,강추하다,1
신촌동,한식,개미,1
신촌동,한식,개미 집,1
신촌동,한식,개미 집 보통,1
신촌동,한식,개선,1
신촌동,한식,거짓,1
신촌동,한식,건강하다,3
신촌동,한식,걷다,1
신촌동,한식,게볶음,1
신촌동,한식,게볶음 진짜,1
신촌동,한식,게장,1
신촌동,한식,겸살,1
신촌동,한식,겸살 항정살 상당하다,1
신촌동,한식,계란,2
신촌동,한식,계란말이,4
신촌동,한식,계란찜,4
신촌동,한식,계란후라이,1
신촌동,한식,고급지다지고,1
신촌동,한식,고급지다지고 맛있다,1
신촌동,한식,고기,36
신촌동,한식,고기 고기인데,1
신촌동,한식,고기 국밥,1
신촌동,한식,고기 많이,1
신촌동,한식,고기 맛,1
신촌동,한식,고기 맛있다,4
신촌동,한식,고기 맞다,1
신촌동,한식,고기 먹다,1
신촌동,한식,고기 부드럽다,1
신촌동,한식,고기 상당하다,1
신촌동,한식,고기 종류,1
신촌동,한식,고기 지다,1
신촌동,한식,고기 진심 이신 게 구이,1
신촌동,한식,고기 질도,1
신촌동,한식,고기 푸짐하다,1
신촌동,한식,고기인데 마늘 밥,1
신촌동,한식,고기질 최악인 곳,1
신촌동,한식,고깃집,3
신촌동,한식,고깃집 대낮인데 그냥,1
신촌동,한식,고등,1
신촌동,한식,고등어,1
신촌동,한식,고등어 구이,1
신촌동,한식,고등어회,1
신촌동,한식,고등어회 먹다,1
신촌동,한식,고등어회 처음인데,1
신촌동,한식,고명,1
신촌동,한식,고삼,1
신촌동,한식,고추,2
신촌동,한식,고춧가루,1
신촌동,한식,고춧가루 1개,1
신촌동,한식,곤드레,1
신촌동,한식,곤드레 복밥,1
신촌동,한식,곤드레 시 켯 늘다,1
신촌동,한식,곰탕,1
신촌동,한식,곰탕 맛 이네 요,1
신촌동,한식,곱,3
신촌동,한식,곱 냄새,1
신촌동,한식,곱창,6
신촌동,한식,곱창 기름,1
신촌동,한식,곱창 이야기,1
신촌동,한식,곱창 집,1
신촌동,한식,곱창 집 이든,1
신촌동,한식,곱창볶음,1
신촌동,한식,공기밥,3
신촌동,한식,공릉 닭 한마리,1
신촌동,한식,과일 우롱차,1
신촌동,한식,광어,1
신촌동,한식,광장시장,1
신촌동,한식,광장시장 보다,1
신촌동,한식,광장시장 보다 양도,1
신촌동,한식,괜찮다,8
신촌동,한식,괜찮다 곳,1
신촌동,한식,괜찮다 맛,1
신촌동,한식,괜찮다 먹다,1
신촌동,한식,괜찮다 옛날 생각나다,1
신촌동,한식,괜찮다 자주,1
신촌동,한식,굉장하다,1
신촌동,한식,굉장히 친절하다,1
신촌동,한식,구성알차다,1
신촌동,한식,구이,7
신촌동,한식,국,2
신촌동,한식,국 리필,1
신촌동,한식,국물,11
신촌동,한식,국물 얼큰하다,1
신촌동,한식,국물 진국,1
신촌동,한식,국물 진짜,1
신촌동,한식,국물 진하다,1
신촌동,한식,국밥,3
신촌동,한식,국수,3
신촌동,한식,군침,1
신촌동,한식,군침 돌다 해 요,1
신촌동,한식,군침 돌다 해 요 바삭바삭,1
신촌동,한식,굴소스,1
신촌동,한식,굴젓,1
신촌동,한식,굿굿굿,77
신촌동,한식,귀엽다,1
신촌동,한식,그냥 그렇다,1
신촌동,한식,그냥 기본,1
신촌동,한식,그냥 랫 요,1
신촌동,한식,그냥 맵다 족발,1
신촌동,한식,그림,1
신촌동,한식,극찬,1
신촌동,한식,근본,1
신촌동,한식,근본 제일,1
신촌동,한식,근위,1
신촌동,한식,근처 교육,1
신촌동,한식,금구,1
신촌동,한식,금액,1
신촌동,한식,기다리다,4
신촌동,한식,기본,2
신촌동,한식,기본 안주,1
신촌동,한식,기본 안주 훌륭하다,1
신촌동,한식,기분 나쁘다,1
신촌동,한식,기분 좋아지다,1
신촌동,한식,기분좋다,5
신촌동,한식,기분좋다 먹다,1
신촌동,한식,기수,1
신촌동,한식,김밥,2
신촌동,한식,김치,10
신촌동,한식,김치 맛있다,1
신촌동,한식,김치 순두부,1
신촌동,한식,김치 오이소박이,1
신촌동,한식,김치 콩나물 맛있다 고기 굿굿,1
신촌동,한식,김치떡볶이,1
신촌동,한식,김치찌개,4
신촌동,한식,김치찜,2
신촌동,한식,김치찜 고기,1
신촌동,한식,깍두기,2
신촌동,한식,깔끔하다,15
신촌동,한식,깔끔하다 맛있다,2
신촌동,한식,깔끔하다 먹다,1
신촌동,한식,깔끔하다 순하다,1
신촌동,한식,깔끔하다 이대 근처,1
신촌동,한식,깔끔한,1
신촌동,한식,깔끔한 매장,1
신촌동,한식,깨끗하다,5
신촌동,한식,깨끗한 맛있다,1
신촌동,한식,깻잎,2
신촌동,한식,깻잎 찜닭,1
신촌동,한식,깻잎향,1
신촌동,한식,껍데기,1
신촌동,한식,꼬막,2
신촌동,한식,꼬막 소라,1
신촌동,한식,꼬치,1
신촌동,한식,꽃게,1
신촌동,한식,끓이다,2
신촌동,한식,끓이다 달라,1
신촌동,한식,끼니,1
신촌동,한식,끼니 꾸다,1
신촌동,한식,나가야 되다,1
신촌동,한식,나가야 되다 순두부찌개,1
신촌동,한식,나물,1
신촌동,한식,낙곱새,1
신촌동,한식,낙곱새 맛 좋다,1
신촌동,한식,낙곱새 주문,1
신촌동,한식,낙지,2
신촌동,한식,낙지 찜,1
신촌동,한식,낙지볶음 맛있다,1
신촌동,한식,날치,1
신촌동,한식,남아,1
신촌동,한식,내용물,1
신촌동,한식,내용물차이,1
신촌동,한식,내장,1
신촌동,한식,냄새,2
신촌동,한식,냄새 안나 고,1
신촌동,한식,냄새 안나 고 되다,1
신촌동,한식,냉동,1
신촌동,한식,냉동 낙지,1
신촌동,한식,냉동 낙지차원 달라 요,1
신촌동,한식,냉면,2
신촌동,한식,냉삼 말고,1
신촌동,한식,냉삼 말고 생삼겹살,1
신촌동,한식,냉장고,1
신촌동,한식,냠냠,1
신촌동,한식,너무하다,1
신촌동,한식,너무하다 아니다,1
신촌동,한식,넌것,1
신촌동,한식,넌것 겨울 이라,1
신촌동,한식,넓다,6
신촌동,한식,넘다 맛있게 먹다 치우다,1
신촌동,한식,넘다 좋다,1
신촌동,한식,넘치다,1
신촌동,한식,넣다 사장님,1
신촌동,한식,눈,1
신촌동,한식,눈곱 만큼,1
신촌동,한식,눈치 보고,1
신촌동,한식,느끼하다,1
신촌동,한식,늦다,1
신촌동,한식,다양하다,5
신촌동,한식,다양하다 맛있다,1
신촌동,한식,다양하다 부위,1
신촌동,한식,다양하다 사이드,1
신촌동,한식,단,1
신촌동,한식,단골,1
신촌동,한식,단무지,1
신촌동,한식,단점,1
신촌동,한식,단점 이대,1
신촌동,한식,단체,2
신촌동,한식,단체 놀다 좋다,1
신촌동,한식,단체 모임,1
신촌동,한식,단팥죽,1
신촌동,한식,단호박,1
신촌동,한식,달다,2
신촌동,한식,달달,1
신촌동,한식,달달 호불호,1
신촌동,한식,닭,3
신촌동,한식,닭갈비,2
신촌동,한식,닭갈비 맛있다,1
신촌동,한식,닭갈비 먹다,1
신촌동,한식,닭강정,1
신촌동,한식,닭강정 집,1
신촌동,한식,닭강정 집 이대,1
신촌동,한식,닭껍질 꼬치,1
신촌동,한식,닭발,2
신촌동,한식,닭발 강추,1
신촌동,한식,담다 가성비,1
신촌동,한식,담다떡 감자 닭강정,1
신촌동,한식,당면,1
신촌동,한식,당면사리 고기사리,1
신촌동,한식,당황,1
신촌동,한식,대국,3
신촌동,한식,대기 등록,1
신촌동,한식,대기 등록 기다리다,1
신촌동,한식,대꾸,1
신촌동,한식,대박 지하,1
신촌동,한식,대창,1
신촌동,한식,대통,1
신촌동,한식,대통 주 좋다,1
신촌동,한식,대파,1
신촌동,한식,대파곱창,1
신촌동,한식,대학가,1
신촌동,한식,덮밥,4
신촌동,한식,덮밥소스,1
신촌동,한식,데리야끼,1
신촌동,한식,데리야끼 막창,1
신촌동,한식,데이트,1
신촌동,한식,도둑,1
신촌동,한식,도라방스,1
신촌동,한식,도토리칼국수,1
신촌동,한식,돈가스,1
신촌동,한식,돈까스,3
신촌동,한식,돌뼈,1
신촌동,한식,돌솥,2
신촌동,한식,동네,1
신촌동,한식,돼지,2
신촌동,한식,돼지 불 백,1
신촌동,한식,돼지갈비,1
신촌동,한식,돼지김치,1
신촌동,한식,된장,1
신촌동,한식,된장찌개,1
신촌동,한식,두툼하다하다,1
신촌동,한식,둘이서,1
신촌동,한식,든든하게 먹다,1
신촌동,한식,든든하게 아주,1
신촌동,한식,등뼈 삼겹살,1
신촌동,한식,디저트,1
신촌동,한식,디저트 맛있다,1
신촌동,한식,디폴트 값 아니다 말씀드리다,1
신촌동,한식,따뜻하다,1
신촌동,한식,딱딱하다,1
신촌동,한식,딸도,1
신촌동,한식,떡,2
신촌동,한식,떡갈비,1
신촌동,한식,떡국,1
신촌동,한식,떡볶음,1
신촌동,한식,떡볶이,4
신촌동,한식,떡볶이떡볶이 골고루,1
신촌동,한식,뚱하다,1
신촌동,한식,뜨끈하다,1
신촌동,한식,라면,3
신촌동,한식,런가소스 맛,1
신촌동,한식,레트로,1
신촌동,한식,로제,1
신촌동,한식,리뉴얼,1
신촌동,한식,리뷰 남기다 보다,1
신촌동,한식,리필,1
신촌동,한식,마늘,1
신촌동,한식,마시기 좋다,1
신촌동,한식,마요네즈,1
신촌동,한식,마요소스랑 어울리다,1
신촌동,한식,마일드 불닭,1
신촌동,한식,마제소바,1
신촌동,한식,마지막,1
신촌동,한식,마지막볶음밥,1
신촌동,한식,막걸리,2
신촌동,한식,막걸리 한잔,1
신촌동,한식,막걸리랑,1
신촌동,한식,막국수,1
신촌동,한식,막국수 맛있다,1
신촌동,한식,막창,3
신촌동,한식,막히다,1
신촌동,한식,만 냥 하우스,1
신촌동,한식,만원,1
신촌동,한식,만원 이하,1
신촌동,한식,만족스럽다,1
신촌동,한식,만족하다,1
신촌동,한식,말씀드리다 순살,1
신촌동,한식,맛 나서다,1
신촌동,한식,맛 도리,1
신촌동,한식,맛 없다,1
신촌동,한식,맛 여전하다,1
신촌동,한식,맛 좋다,3
신촌동,한식,맛없다,1
신촌동,한식,맛없다 힘드다,1
신촌동,한식,맛있게 먹다,19
신촌동,한식,맛있다,169
신촌동,한식,맛있다 1만 8천원,1
신촌동,한식,맛있다 가격,1
신촌동,한식,맛있다 가성비,1
신촌동,한식,맛있다 고기,1
신촌동,한식,맛있다 굿굿,1
신촌동,한식,맛있다 냄새,1
신촌동,한식,맛있다 닭갈비,1
신촌동,한식,맛있다 마요소스랑,1
신촌동,한식,맛있다 마지막,1
신촌동,한식,맛있다 맛집,1
신촌동,한식,맛있다 매장,1
신촌동,한식,맛있다 불,1
신촌동,한식,맛있다 삼겹살 집,1
신촌동,한식,맛있다 셀프 라,1
신촌동,한식,맛있다 신촌,1
신촌동,한식,맛있다 써다 우,1
신촌동,한식,맛있다 잘 먹다,1
신촌동,한식,맛있다 저렴하다,1
신촌동,한식,맛있다 족발,1
신촌동,한식,맛있다 좋다,1
신촌동,한식,맛있다 쵝오,1
신촌동,한식,맛있다 친절하다,2
신촌동,한식,맛있다 케이크,1
신촌동,한식,맛있다 포장,1
신촌동,한식,맛있다 푸짐하다해 요,1
신촌동,한식,맛집,30
신촌동,한식,맛집 이라고,1
신촌동,한식,매우 많다,1
신촌동,한식,매우 잘생기다,1
신촌동,한식,매운탕,1
신촌동,한식,매장 관리,1
신촌동,한식,매콤,2
신촌동,한식,매콤 아주,1
신촌동,한식,맥주,2
신촌동,한식,맥주 맛있다,1
신촌동,한식,맵다,6
신촌동,한식,맵다 찐,1
신촌동,한식,맵다단계,1
신촌동,한식,맵다단계 조절 가능,1
신촌동,한식,먹다 1인분,1
신촌동,한식,메생 이국,1
신촌동,한식,메추리알,1
신촌동,한식,메추리알떡볶이,1
신촌동,한식,면,3
신촌동,한식,명륜진사갈비,1
신촌동,한식,명이나물 진짜,1
신촌동,한식,명이나물이랑,1
신촌동,한식,모임,4
신촌동,한식,모임 좋다,1
신촌동,한식,목살,2
신촌동,한식,무뼈,1
신촌동,한식,무한,1
신촌동,한식,무한리필,5
신촌동,한식,묵은지,1
신촌동,한식,미나리 없다,1
신촌동,한식,미치다,1
신촌동,한식,미트파이,1
신촌동,한식,밀가루,1
신촌동,한식,밑반찬,1
신촌동,한식,바,2
신촌동,한식,바쁘다,1
신촌동,한식,바쁘다 와중 에도,1
신촌동,한식,바이브,1
신촌동,한식,바텐더,1
신촌동,한식,반찬,11
신촌동,한식,반찬 넉넉하다,1
신촌동,한식,밝다 않다,1
신촌동,한식,밥,18
신촌동,한식,밥상,1
신촌동,한식,밥집,2
신촌동,한식,배달,2
신촌동,한식,배부르게,1
신촌동,한식,배부르다,2
신촌동,한식,배우다,1
신촌동,한식,백,1
신촌동,한식,백반 맛집,1
신촌동,한식,백번,1
신촌동,한식,백종원,1
신촌동,한식,백합,1
신촌동,한식,백합칼국수,1
신촌동,한식,백화점,1
신촌동,한식,버갈,1
신촌동,한식,버섯,3
신촌동,한식,버터,1
신촌동,한식,베이스,1
신촌동,한식,변하다,1
신촌동,한식,변함없는,1
신촌동,한식,별로,2
신촌동,한식,병목,1
신촌동,한식,병원,2
신촌동,한식,보리밥,1
신촌동,한식,보쌈,2
신촌동,한식,보통 맛,1
신촌동,한식,볶음,1
신촌동,한식,볶음 야채 양,1
신촌동,한식,볶음밥,12
신촌동,한식,본죽,1
신촌동,한식,부대찌개,3
신촌동,한식,부대찌개 맛있다,1
신촌동,한식,부드럽다,7
신촌동,한식,부위,2
신촌동,한식,부지런하다,1
신촌동,한식,부추,2
신촌동,한식,부추 전도,1
신촌동,한식,부페,1
신촌동,한식,북악 정보 다 못 한,1
신촌동,한식,분위기,8
신촌동,한식,분위기 좋다,5
신촌동,한식,불 백정식,1
신촌동,한식,불 쎄다,1
신촌동,한식,불고기,2
신촌동,한식,불맛,1
신촌동,한식,불백,1
신촌동,한식,불친절,2
신촌동,한식,불친절하다,1
신촌동,한식,불쾌하다,2
신촌동,한식,불향,1
신촌동,한식,브로,1
신촌동,한식,비건,2
신촌동,한식,비건김밥,1
신촌동,한식,비비다,2
신촌동,한식,비비다 먹다,1
신촌동,한식,비빔밥,5
신촌동,한식,비빔우동,1
신촌동,한식,비싸다,2
신촌동,한식,비싸다 들다,1
신촌동,한식,비지,1
신촌동,한식,빨리 나오다,3
신촌동,한식,빵,1
신촌동,한식,뼈,2
신촌동,한식,뼈 해장국,1
신촌동,한식,사람 둘이서,1
신촌동,한식,사리,2
신촌동,한식,사리 추가 가격,1
신촌동,한식,사리다,1
신촌동,한식,사무실,1
신촌동,한식,사무실 신촌,1
신촌동,한식,사이드,1
신촌동,한식,사장님 내외 분,1
신촌동,한식,사진,2
신촌동,한식,산낙지,1
신촌동,한식,삼겹살,14
신촌동,한식,삼겹살 데이,1
신촌동,한식,삼겹살 맛있다,1
신촌동,한식,삼겹살 싫어하다,1
신촌동,한식,삼겹살 진짜 싫어하다,1
신촌동,한식,삼계탕,2
신촌동,한식,삼계탕 진짜,1
신촌동,한식,상승,1
신촌동,한식,새롭다,2
신촌동,한식,새마을,1
신촌동,한식,새마을식당,1
신촌동,한식,새마을식당 말 뭐해,1
신촌동,한식,새우김밥,1
신촌동,한식,새우젓,1
신촌동,한식,새우젓 가져가다,1
신촌동,한식,샌드,1
신촌동,한식,생,1
신촌동,한식,생각 처음 수북하다,1
신촌동,한식,생각나다,2
신촌동,한식,생갈비,2
신촌동,한식,생선,1
신촌동,한식,샤브샤브,1
신촌동,한식,서비스,8
신촌동,한식,서비스 주시고,1
신촌동,한식,서빙,2
신촌동,한식,서빙 들다,1
신촌동,한식,서인,1
신촌동,한식,석갈비,1
신촌동,한식,선하다,1
신촌동,한식,설렁탕,2
신촌동,한식,설레임,1
신촌동,한식,설명,2
신촌동,한식,섬채,1
신촌동,한식,세트,1
신촌동,한식,셀프,2
신촌동,한식,소,1
신촌동,한식,소고기,1
신촌동,한식,소스,7
신촌동,한식,소스랑,1
신촌동,한식,손님 많다 아니다,1
신촌동,한식,솥밥,2
신촌동,한식,수다,1
신촌동,한식,수제비,1
신촌동,한식,순 한 맛 시 켯 늘다,1
신촌동,한식,순대국,1
신촌동,한식,순대랑,1
신촌동,한식,순대랑 술국,1
신촌동,한식,순두부,1
신촌동,한식,순살,2
신촌동,한식,순살 카레,1
신촌동,한식,순하다,1
신촌동,한식,순하다 자극적이지 않다 않다 맛있다,1
신촌동,한식,술,5
신촌동,한식,술국,1
신촌동,한식,숯,2
신촌동,한식,숯 좋다,1
신촌동,한식,숯 퀄리티,1
신촌동,한식,스트레스,1
신촌동,한식,스파게티,1
신촌동,한식,식다,1
신촌동,한식,식다 맛있다,1
신촌동,한식,식사,8
신촌동,한식,식사면,1
신촌동,한식,신기하다,1
신촌동,한식,신라면,1
신촌동,한식,신사동,1
신촌동,한식,신선하다,5
신촌동,한식,신선하다 맛있다,1
신촌동,한식,신촌 부대찌개,1
신촌동,한식,신촌 혼밥,1
신촌동,한식,신촌곱창,3
신촌동,한식,신촌곱창 이야기,1
신촌동,한식,신촌점,1
신촌동,한식,실망 스럽다,1
신촌동,한식,싱싱,1
신촌동,한식,싱싱하다,1
신촌동,한식,싶다볶음밥,1
신촌동,한식,싸다,1
신촌동,한식,아귀,1
신촌동,한식,아귀 완전,1
신촌동,한식,아쉽다,2
신촌동,한식,아웃닭 ,1
신촌동,한식,안주,2
신촌동,한식,안주 맛 없다,1
신촌동,한식,알바생,1
신촌동,한식,야채곱창,1
신촌동,한식,야채곱창 축복,1
신촌동,한식,얇다,1
신촌동,한식,양 많다,1
신촌동,한식,양갈비,1
신촌동,한식,양고기,1
신촌동,한식,양념,1
신촌동,한식,양도 넉넉하다 서비스 오랫 만,1
신촌동,한식,양도 많다,4
신촌동,한식,양도 많다 친절하다,1
신촌동,한식,양이 적다,1
신촌동,한식,어른 분들 모시 고,1
신촌동,한식,어리 굴젓,1
신촌동,한식,어이없다,1
신촌동,한식,어이없다 근처,1
신촌동,한식,얼얼하다,1
신촌동,한식,엠,1
신촌동,한식,여사,1
신촌동,한식,여유,1
신촌동,한식,여유 좋다,1
신촌동,한식,여전히 맛있다,1
신촌동,한식,연어,1
신촌동,한식,연잎밥,1
신촌동,한식,연탄,1
신촌동,한식,영미김밥,1
신촌동,한식,예술,1
신촌동,한식,옛날,1
신촌동,한식,오늘 맛있다,1
신촌동,한식,오래되다,1
신촌동,한식,오래오래,1
신촌동,한식,오래오래 영업 해주다,1
신촌동,한식,오랜 만 뜨다,1
신촌동,한식,오랫,1
신촌동,한식,오랫 만 맛집,1
신촌동,한식,오리,1
신촌동,한식,오리지널,2
신촌동,한식,오징어,1
신촌동,한식,오징어볶음,2
신촌동,한식,와중 에도,1
신촌동,한식,완벽,1
신촌동,한식,완벽 담,1
신촌동,한식,완전 맛,1
신촌동,한식,완전 싱싱,1
신촌동,한식,완탕,1
신촌동,한식,왕갈비,1
신촌동,한식,요구르트,1
신촌동,한식,요리,1
신촌동,한식,우동,1
신촌동,한식,우동사리,1
신촌동,한식,우렁,1
신촌동,한식,우렁 된장,1
신촌동,한식,우렁 된장 맛있다,1
신촌동,한식,우삼겹살,1
신촌동,한식,우설,1
신촌동,한식,웨이팅,4
신촌동,한식,위생,1
신촌동,한식,위스키 가격,1
신촌동,한식,유기농,1
신촌동,한식,유명하다,1
신촌동,한식,유자,1
신촌동,한식,유쾌하다,1
신촌동,한식,육개장,1
신촌동,한식,육개장칼국수,1
신촌동,한식,육수,1
신촌동,한식,육연,1
신촌동,한식,육연이랑 소고기 덮밥이랑,1
신촌동,한식,육전,1
신촌동,한식,육즙,1
신촌동,한식,육회,3
신촌동,한식,음료,1
신촌동,한식,음식 깔끔하다,1
신촌동,한식,음식 다양하다,1
신촌동,한식,음식 맛있다,5
신촌동,한식,음식 슴슴하 니,1
신촌동,한식,음식 전체적,1
신촌동,한식,음악,1
신촌동,한식,이대,3
신촌동,한식,이대 따다 띠 삼겹살,1
신촌동,한식,이대역,1
신촌동,한식,이벤트,1
신촌동,한식,이야기,1
신촌동,한식,인스타,1
신촌동,한식,인심,1
신촌동,한식,인심 좋다식당,1
신촌동,한식,인테리어,1
신촌동,한식,일본,2
신촌동,한식,입맛 없다,1
신촌동,한식,입맛 없다 먹다,1
신촌동,한식,자극적,1
신촌동,한식,자극적이지 않다,2
신촌동,한식,자랑,1
신촌동,한식,자주,1
신촌동,한식,자주 가다,1
신촌동,한식,장아찌,1
신촌동,한식,장어,1
신촌동,한식,재방문,1
신촌동,한식,재방문의사,2
신촌동,한식,저녁,2
신촌동,한식,저녁 2차로,1
신촌동,한식,저렴하다,6
신촌동,한식,적다,4
신촌동,한식,적당하다,2
신촌동,한식,전밑반찬,1
신촌동,한식,전복,1
신촌동,한식,절반,1
신촌동,한식,점심,5
신촌동,한식,점심 먹다,1
신촌동,한식,점심시간,3
신촌동,한식,점심시간 종종,1
신촌동,한식,젓갈,1
신촌동,한식,정갈하다,3
신촌동,한식,정식,4
신촌동,한식,정체,1
신촌동,한식,제비,1
신촌동,한식,제육,2
신촌동,한식,제육 별로,1
신촌동,한식,제주,1
신촌동,한식,조개,2
신촌동,한식,족발,4
신촌동,한식,족발 12인분,1
신촌동,한식,족발 맛있다,1
신촌동,한식,족발 진짜,1
신촌동,한식,존맛탱,2
신촌동,한식,좁다,1
신촌동,한식,좋다 계란찜,1
신촌동,한식,좋다 고기,1
신촌동,한식,좋다 단백질,1
신촌동,한식,좋다 삼겹살,1
신촌동,한식,좋다 양,1
신촌동,한식,좋다 요,1
신촌동,한식,좋다 원하다,1
신촌동,한식,좋다 음식점,1
신촌동,한식,좋다 혼밥 거나,1
신촌동,한식,좋다칼국수,1
신촌동,한식,주방,1
신촌동,한식,죽,5
신촌동,한식,죽이랑 국도,1
신촌동,한식,줄,1
신촌동,한식,즉석,1
신촌동,한식,지점,1
신촌동,한식,직영,1
신촌동,한식,진료,1
신촌동,한식,진짜 맛있다,2
신촌동,한식,진짜 부담 없이,1
신촌동,한식,진하다,1
신촌동,한식,질도 좋다,2
신촌동,한식,집 반찬 느낌,1
신촌동,한식,집밥,1
신촌동,한식,쫄면,1
신촌동,한식,쭈꾸미,2
신촌동,한식,쭈꾸미 맛있다,1
신촌동,한식,쭈꾸미볶음,1
신촌동,한식,찌개,1
신촌동,한식,찜,1
신촌동,한식,찜닭,4
신촌동,한식,찜닭 최고,1
신촌동,한식,차돌박이,1
신촌동,한식,참치,1
신촌동,한식,철판,1
신촌동,한식,철학,1
신촌동,한식,청결하다,2
신촌동,한식,청결한 편,1
신촌동,한식,초밥,1
신촌동,한식,초벌,1
신촌동,한식,최고,1
신촌동,한식,최고봉,1
신촌동,한식,추가 3000원,1
신촌동,한식,추가 3000원 가능하다,1
신촌동,한식,추억,1
신촌동,한식,추천,6
신촌동,한식,치우다,1
신촌동,한식,치즈,2
신촌동,한식,치즈 닭갈비,1
신촌동,한식,치킨,4
신촌동,한식,친구,1
신촌동,한식,친구랑,1
신촌동,한식,친절,1
신촌동,한식,친절하다,77
신촌동,한식,친절하다 사장님,1
신촌동,한식,친절한 사장님,5
신촌동,한식,친절한 직원분들,1
신촌동,한식,카레,2
신촌동,한식,칼,1
신촌동,한식,칼국수,5
신촌동,한식,칼국수 국물,1
신촌동,한식,커피,1
신촌동,한식,컵밥,1
신촌동,한식,케이크,1
신촌동,한식,코다리,1
신촌동,한식,코디얼,1
신촌동,한식,콘치,1
신촌동,한식,콩나물,1
신촌동,한식,콩불,2
신촌동,한식,퀄리티,2
신촌동,한식,크림갈비찜,1
신촌동,한식,클래식,1
신촌동,한식,킹 새우김밥,1
신촌동,한식,털레기 수제비,1
신촌동,한식,통닭,1
신촌동,한식,튀김,3
신촌동,한식,특별하다,3
신촌동,한식,특수,1
신촌동,한식,파김치,1
신촌동,한식,파스타,1
신촌동,한식,파이,1
신촌동,한식,파전,1
신촌동,한식,파채,1
신촌동,한식,파채 진짜,1
신촌동,한식,파채랑,1
신촌동,한식,파채랑 파채랑볶음밥,1
신촌동,한식,파채랑볶음밥,1
신촌동,한식,팥죽,1
신촌동,한식,편이,2
신촌동,한식,편하다,1
신촌동,한식,편하다 푸짐하다,1
신촌동,한식,평일,1
신촌동,한식,포장,8
신촌동,한식,포장 매우,1
신촌동,한식,푸짐하다,4
신촌동,한식,푸짐하다 국물,1
신촌동,한식,푸짐하다 먹다,1
신촌동,한식,푸짐하다 혼밥 기도,1
신촌동,한식,프라이,1
신촌동,한식,피 꼬막 무치다,1
신촌동,한식,피자,1
신촌동,한식,하루식당 후기,1
신촌동,한식,하우스,1
신촌동,한식,하이볼,1
신촌동,한식,한식,2
신촌동,한식,한식 먹다,2
신촌동,한식,한식 부페,1
신촌동,한식,항상 맛있다,1
신촌동,한식,항정살,1
신촌동,한식,해물파전,1
신촌동,한식,해장,2
신촌동,한식,해장국,4
신촌동,한식,해장국 먹다,1
신촌동,한식,행복,1
신촌동,한식,향,2
신촌동,한식,혼밥,11
신촌동,한식,혼밥 거나,1
신촌동,한식,혼밥 좋다,2
신촌동,한식,홍대,1
신촌동,한식,화가,1
신촌동,한식,화로상회,1
신촌동,한식,화장실,1
신촌동,한식,회,2
신촌동,한식,회관,1
신촌동,한식,회덮밥,1
신촌동,한식,후기,1
신촌동,한식,훌륭하다,1
신촌동,한식,힙한,1
